code,event_count,5d_n,5d_win_rate,5d_mean_return,5d_median_return,5d_avg_gain,5d_avg_loss,5d_mean_max_up,5d_mean_max_down,5d_best_max_up,5d_worst_max_down,10d_n,10d_win_rate,10d_mean_return,10d_median_return,10d_avg_gain,10d_avg_loss,10d_mean_max_up,10d_mean_max_down,10d_best_max_up,10d_worst_max_down,20d_n,20d_win_rate,20d_mean_return,20d_median_return,20d_avg_gain,20d_avg_loss,20d_mean_max_up,20d_mean_max_down,20d_best_max_up,20d_worst_max_down,40d_n,40d_win_rate,40d_mean_return,40d_median_return,40d_avg_gain,40d_avg_loss,40d_mean_max_up,40d_mean_max_down,40d_best_max_up,40d_worst_max_down
8630,18,18,0.6666666666666666,-0.000310917772540138,0.01281728564668435,0.030042499177962603,-0.06101775167354562,0.03233509656801944,-0.03351092051025079,0.1207297656618715,-0.266388573943378,18,0.6111111111111112,0.01721383594055748,0.026910444571933,0.04878672038853738,-0.03240069676341093,0.0626107564052255,-0.04017200675358596,0.1439468939503698,-0.266388573943378,18,0.7222222222222222,0.03350191549796315,0.0362842812419643,0.052793718120128216,-0.016656771319666,0.08215301948567022,-0.04644462774431652,0.1565506539223071,-0.266388573943378,18,0.8333333333333334,0.0893105221811305,0.0840434712440776,0.11201898620954824,-0.0242317979609582,0.13763239626940824,-0.05085253389109515,0.2466252814215339,-0.266388573943378
8766,17,17,0.5882352941176471,0.029247173711680743,0.0083135279245876,0.05904117990713474,-0.01331569228182497,0.04694936404450326,-0.016994486234402226,0.3218370808724557,-0.0367382026944929,16,0.75,0.03731333837022126,0.017488280788843548,0.058874771622383935,-0.027370961386266775,0.061984627153330335,-0.025643432651406915,0.3240241369839662,-0.0745652991171037,16,0.75,0.045567861517061374,0.036318966215780846,0.07433591422282905,-0.04073629660024165,0.08827553238019525,-0.03290975156796873,0.3240241369839662,-0.1120071154870642,16,0.8125,0.09793559480089928,0.06437007673660285,0.13719498346825343,-0.07218842275763533,0.15692714896602883,-0.03987797864638937,0.3598701690770896,-0.1383512435643596
1925,16,16,0.625,0.005862598434242938,0.0065222411094313,0.020531916195627872,-0.01858626450139862,0.02164138868149698,-0.016987501322277138,0.0700056286554993,-0.027941074773071,16,0.4375,0.005472946489371088,-0.0027413636218889,0.03624401573389919,-0.018460107367484102,0.03331993980419967,-0.022990376840749106,0.1013090362192137,-0.042069354401186,16,0.625,0.013983433875629912,0.01303667555962945,0.03678185160303339,-0.024013929003375883,0.04880921429720794,-0.03232201191327701,0.1368674748064933,-0.0626173769551619,16,0.5625,0.008797408433253794,0.01017778369638805,0.032747411458553144,-0.02199545259927394,0.057033678350845204,-0.04143732855037094,0.1368674748064933,-0.0842203351779763
7751,16,16,0.75,0.01790251711991225,0.01281540165224955,0.027370223461381942,-0.010500601904496825,0.032527240840744334,-0.008727167953753369,0.0889719864535028,-0.0356613751214027,16,0.75,0.022475681891742497,0.0181617456395547,0.03637370761802056,-0.019218395287091697,0.04392487269722605,-0.0164735442344226,0.1107926853641458,-0.0618993139843557,16,0.9375,0.03514868654686057,0.035851889489264696,0.03886942195852627,-0.0206623446281249,0.06831388111834862,-0.017840908725881184,0.1193887191427476,-0.0618993139843557,16,0.6875,0.0376592750699232,0.03952638155890115,0.07104703401531602,-0.03579379460994104,0.09876606242168817,-0.0384110939511834,0.1827045506805125,-0.1528392678307201
6178,16,16,0.5,-0.01170861383602583,0.00166017372439505,0.016982654891948425,-0.04039988256400009,0.018743110763749675,-0.03400601911801107,0.0426541081981914,-0.2411142195676756,16,0.8125,0.007755093219115639,0.0118088473328791,0.022223108858867878,-0.054939641219810736,0.03143388780436746,-0.035141124797782114,0.065333493058898,-0.2411142195676756,16,0.75,0.012690463028149863,0.02126705650621435,0.036943207988524664,-0.06006777185297452,0.05118995479124307,-0.050731761653895834,0.1426882840276566,-0.2411142195676756,16,0.6875,0.05137724923165507,0.08416947728859364,0.10735281524239074,-0.07176899599196343,0.10694251407666083,-0.06106041325084601,0.2102615400977567,-0.2411142195676756
5108,15,15,0.6,0.01661951916383416,0.0085440139230414,0.04085401054764207,-0.02367866149425324,0.033359047317986515,-0.016282582850263714,0.1058346033386046,-0.0503508237389809,15,0.7333333333333333,0.017333049799021026,0.024103297258577,0.03568701033313175,-0.03314034166978345,0.04335952633575812,-0.021143336287863246,0.1073170703616837,-0.0604886983809453,15,0.7333333333333333,0.03202219827373542,0.0599552187560978,0.06620105300777607,-0.06196965224487638,0.06730414299581546,-0.03169920491783154,0.1178316953555695,-0.1132110373109835,15,0.7333333333333333,0.04436214863169236,0.0680089441990696,0.08098247850459848,-0.056343758518799504,0.09132351856112783,-0.05313650915629611,0.1529928171304484,-0.2472563941726075
9101,15,15,0.5333333333333333,0.008057111451594772,0.0135565972267321,0.06417996727110478,-0.05608329519927381,0.05194490214556637,-0.041369115475131904,0.1855422035232936,-0.1518581944019446,15,0.6,0.03142174884032526,0.020303525325265,0.08164114573334702,-0.04390734649920739,0.06566488894482378,-0.05043532751552867,0.1963635558897443,-0.1518581944019446,15,0.7333333333333333,0.07143261665146174,0.0469447198249257,0.10549473686272517,-0.022238213929512723,0.11089837552830818,-0.053422779083142004,0.3397587918351392,-0.1518581944019446,15,0.7333333333333333,0.10984709961489754,0.0947929858371325,0.16518315771877964,-0.04232706017077815,0.2044338268317527,-0.0613692595309371,0.5139393013183835,-0.1518581944019446
9434,15,15,0.6666666666666666,0.007940275029318645,0.0044111808082607,0.02365019809823462,-0.023479571108513304,0.022326655584566646,-0.01671546733062895,0.0620689317327558,-0.1136883550906302,15,0.8,0.021668882989071978,0.0244813008860265,0.03139850170939414,-0.017249591892216667,0.03328990260525045,-0.019639578101631125,0.1072152275590017,-0.1136883550906302,15,0.8666666666666667,0.04407002014133883,0.0361728867965793,0.056285673434709776,-0.03533172626557225,0.06393569910497268,-0.02026021341442549,0.1570557467779498,-0.1136883550906302,15,0.9333333333333333,0.04624568057519682,0.0469420233774506,0.04986295094228677,-0.0043961045640626,0.07681170937053275,-0.020972111122052717,0.162561473381283,-0.1136883550906302
5802,14,14,0.5714285714285714,0.016064069908540708,0.0046164537788036504,0.05061823465807611,-0.0300081497575065,0.053280264468470326,-0.02365389949313048,0.304010938924339,-0.0565916287661305,14,0.5714285714285714,0.0022763584350635794,0.0059652147130624,0.03228700012208927,-0.03773783048097068,0.05956003561317052,-0.033385862636185905,0.3076572470373746,-0.1030866994355539,14,0.7142857142857143,0.005912007651366837,0.0224202821180301,0.044447446983229374,-0.0904265906782895,0.08270920983671301,-0.07620652217708465,0.3076572470373746,-0.2792883006613496,14,0.7142857142857143,0.021673320527360096,0.03397001238848,0.07833543496176024,-0.11998196555864021,0.11631680700285892,-0.08803744317274412,0.3076572470373746,-0.2805834092980857
4507,14,14,0.6428571428571429,0.022688025475563763,0.0171417487224947,0.041322897716447975,-0.013568430697534776,0.03416452529095843,-0.012420192021922693,0.0836134700514954,-0.0482665172046059,14,0.8571428571428571,0.028806666444100692,0.0222943563682804,0.0437615475700896,-0.06092262031183275,0.05309868741047934,-0.019467142462124106,0.1385196143289599,-0.1076522416821268,14,0.7142857142857143,0.026787864224279527,0.01358751556863975,0.05349753725228903,-0.039986318345744225,0.07924901113601988,-0.04259760531229001,0.1543479076661322,-0.2063553626047924,14,0.7857142857142857,0.015737331702842385,0.0286039017775803,0.056624845849704224,-0.13418355350231767,0.10458050334501909,-0.061327033475600354,0.1543479076661322,-0.2063553626047924
8830,14,14,0.5,0.01896641812718527,-1.0115115187899794e-05,0.05810245746171827,-0.020169621207347728,0.04659834791991908,-0.02714345687863834,0.2114870913982343,-0.0680763333808754,14,0.5714285714285714,0.04442430993904288,0.0185726260002063,0.09474234728126313,-0.022666406517250784,0.07272558255067245,-0.03433556212696178,0.3148437728534561,-0.1031458843521869,14,0.7857142857142857,0.07345302365536707,0.06080539340428745,0.1077782795881655,-0.05240624809822713,0.11137578504015609,-0.041809600458340854,0.3571570571053832,-0.1291903608061014,14,0.7142857142857143,0.04357859378548017,0.0706226391103804,0.10853004891111868,-0.11880004402861612,0.14794780842557312,-0.07319332927690117,0.3571570571053832,-0.2378979502834713
8113,14,14,0.8571428571428571,0.011341265139607795,0.01095625701877265,0.01730293112333577,-0.024428730762760052,0.027375374551012886,-0.020606138755806337,0.0634771303229788,-0.0585533957682434,14,0.6428571428571429,0.005876636459663677,0.0036515852910856002,0.01693441926469513,-0.014027372589392939,0.03626249375304207,-0.024673481050795983,0.0717540012092528,-0.0585533957682434,14,0.6428571428571429,0.004192254865051822,0.01044171579004155,0.0238656960219227,-0.031219939217315758,0.04774952411111303,-0.0341566955775636,0.0810810938435941,-0.0640944048552875,14,0.7142857142857143,0.026226248526629328,0.01352185873974715,0.04255096086145449,-0.014585532310433576,0.07005077816283299,-0.04594519172362082,0.1136450287077086,-0.1011304952645253
6971,14,14,0.5,0.010263650235374908,0.0019246974687314499,0.029157309392461285,-0.00863000892171147,0.026682291252319027,-0.020760340491288796,0.0645226130653267,-0.0436389641661483,14,0.6428571428571429,0.01179528329007483,0.03257236589625375,0.039089181280020785,-0.0373337330918279,0.03955488373266826,-0.029178240091628633,0.071325051173845,-0.0800431333401677,14,0.5714285714285714,0.018467424408724516,0.05510379101922365,0.07953156321585865,-0.062951427334121,0.07267003362163667,-0.046219969835311014,0.1704194765116014,-0.1129465818071505,14,0.7142857142857143,0.07842826069527285,0.0418204863138428,0.1297849676337963,-0.04996350665103572,0.13154569831282095,-0.0577686127632584,0.4456281407035176,-0.1393034308420792
8750,14,14,0.6428571428571429,0.02013157925520655,0.00779170376060425,0.043021059173783266,-0.02106948459823154,0.03570616854251551,-0.029215122114793827,0.1466903996669601,-0.0539379788102259,14,0.8571428571428571,0.04805957724057418,0.05748141661014145,0.0628625957827438,-0.040758534012443545,0.07019129116681966,-0.031946930974903656,0.1565096952908586,-0.0750439812162695,14,0.5,0.00839399576511571,0.0005602360557374498,0.0878646057188788,-0.07107661418864739,0.09237378617319492,-0.06031589329767879,0.2094505761385612,-0.1891957530945485,14,0.5714285714285714,0.04177692205964861,0.048896640955833945,0.11848762939108634,-0.06050402104893507,0.12725798514508047,-0.07398070361449714,0.2880886426592797,-0.1891957530945485
6702,13,13,0.46153846153846156,-0.0003480941600386775,-0.0113666186540497,0.03175986210308315,-0.027869199528428812,0.03649807267334197,-0.025821678968669007,0.1376667298806786,-0.1022647181665676,13,0.46153846153846156,0.009972853324757499,-0.0030340618405143,0.05589379762741356,-0.029387956077519126,0.050463852765125786,-0.03448154077887081,0.1376667298806786,-0.1288815738469965,13,0.7692307692307693,0.03508551707080251,0.0194858571828553,0.06970672901235593,-0.0803185227343755,0.07955795735717383,-0.046911854635006654,0.2152600042410748,-0.2332476713236339,13,0.5384615384615384,0.055342133830024176,0.0312333136151303,0.15550383994610686,-0.06151318997207228,0.11221781249733763,-0.05521935911975225,0.2718542735976914,-0.2768640760912342
7741,13,13,0.5384615384615384,-0.020176192493150294,0.0047575972511526,0.013633212433799885,-0.05962049824125883,0.02578194858779877,-0.044781717108960846,0.0698025225268994,-0.1651762017190426,13,0.6153846153846154,0.0016724558410250922,0.0089873116544687,0.025641091116111937,-0.03667736059911386,0.04278089378684346,-0.06271661776304863,0.0796708228860691,-0.1651762017190426,13,0.6153846153846154,0.02519186840185819,0.0212623669276283,0.06570020794237026,-0.03962147486296114,0.06404644675621278,-0.07308923248678659,0.1213759870147823,-0.166805057806272,13,0.6923076923076923,0.01455566842673961,0.0496224032651664,0.061463531452799,-0.09098702338189403,0.09079742200417598,-0.08444896590803007,0.1437988332063207,-0.2351315147330384
8591,13,13,0.5384615384615384,0.002022068100267892,0.0006244911977533,0.01952411423775093,-0.018396985726795653,0.023858670571607735,-0.030780318397774807,0.0567452324990158,-0.0565401084462069,12,0.4166666666666667,-0.00503331514478615,-0.0029473005627289,0.01692169479322422,-0.02071546510050784,0.030751276265711155,-0.03965053390751354,0.0706638627143019,-0.0757384196050853,12,0.3333333333333333,0.004825712320010542,-0.00635847731751555,0.04256135515163707,-0.014042109095802724,0.0389747498691202,-0.05084578533837256,0.073953495796476,-0.0757384196050853,12,0.5,0.022132159500923978,-0.004599148640020099,0.07199707761764296,-0.027732758615794998,0.06976729456009444,-0.06254850043635123,0.2781143331749105,-0.1516060907701949
4661,12,12,0.5,0.007863960069788149,0.0022223912459009,0.0441446528343492,-0.028416732694772903,0.03422212295462249,-0.02417796856427541,0.118210773528508,-0.0697890778588111,12,0.5833333333333334,0.03465206300242706,0.009694739160032901,0.07439257509785535,-0.02098465393117252,0.06536639214341129,-0.024585563184513198,0.2034078583499226,-0.0697890778588111,12,0.5,0.05001296033960262,-0.00011211086066709999,0.12089756565744325,-0.020871644978238017,0.10283242496350002,-0.03470704286782902,0.2215104312332168,-0.076996324931796,12,0.5,0.07069755991037623,0.0602190723981794,0.19085908690863274,-0.04946396708788028,0.12401577729338537,-0.04723530780057006,0.3232163947867803,-0.1140646032054107
8725,12,12,0.4166666666666667,-0.0032423282228028327,-0.00135709410916025,0.0209580653303241,-0.0205283236178935,0.01700536583300201,-0.02217743631310065,0.0606297906376593,-0.0562034409777241,12,0.5833333333333334,0.016983515280874592,0.0061287336340074,0.041066938741291734,-0.0167332775637094,0.03619495298073915,-0.02460022261215951,0.1174421497885045,-0.0562034409777241,12,0.5,-0.0021369114070597162,0.0003885989363489502,0.026979606386137518,-0.03125342920025695,0.04830117342003659,-0.03977525617028017,0.1286389649166459,-0.0890270285497804,12,0.6666666666666666,0.02788911547128674,0.0463419243970125,0.065829110452933,-0.04799087449200577,0.08911535383102477,-0.0543336371573566,0.1798954963921373,-0.0971495234168455
6954,12,12,0.4166666666666667,0.004262274121199133,-0.00298297378245295,0.04209166945523894,-0.02275872254597216,0.029322384541458257,-0.02798153129655878,0.0756425770827722,-0.106484069312465,12,0.5,0.0008220920227185423,0.00098557257711735,0.04985747686836453,-0.05785595138751295,0.044149016152080924,-0.0490962795194832,0.1175031281498939,-0.1392062205657216,12,0.5833333333333334,-0.005198478434845736,0.0414054215481445,0.09277923459523495,-0.1423672766769587,0.07147855652472658,-0.10135132624674796,0.1603795449959961,-0.2892426293532263,11,0.5454545454545454,0.013458115041086037,0.06025832506463,0.1090373222100302,-0.10123693356164694,0.11393254135381957,-0.10703769849135371,0.2886701512780805,-0.2954358883440424
7733,12,12,0.6666666666666666,0.013372239458528425,0.00663532341848945,0.03678607941093119,-0.0334554404462771,0.03865769741584406,-0.019803842354194214,0.1051480628300389,-0.102085358594408,12,0.75,0.027286956017382114,0.039343120216808705,0.05181658530574775,-0.04630193184771477,0.06294964542259827,-0.0312937793270967,0.1119475697947081,-0.102085358594408,12,0.5833333333333334,-0.003865078645307276,0.00329584875308905,0.034991047157447455,-0.05826365476916391,0.0772977066629791,-0.05471079024809957,0.1135700747270469,-0.1714001843630418,12,0.4166666666666667,-0.028311167321417075,-0.06729211601811105,0.07272732042525018,-0.10048151571189366,0.09223126209303767,-0.09815721686774508,0.2174930016162801,-0.2063554955363046
7182,12,12,0.5,0.010476408189022358,0.0014442484331927,0.035607459540934285,-0.014654643162889567,0.025405810283188588,-0.01457623070330872,0.0737370567932225,-0.0380038997723795,11,0.6363636363636364,0.020308891956908236,0.0156249880773335,0.03865474548035314,-0.01179635170912035,0.03966344419650054,-0.023951656186174505,0.0982913053094542,-0.0479002575562538,10,0.6,0.0036167678115071288,0.00849250193965175,0.031109550120923018,-0.0376224056526167,0.051325121346177935,-0.05323613857594821,0.1240325077776445,-0.2179429099813195,10,0.3,0.000713929743778391,-0.02566330468658565,0.0820995782286928,-0.034165633892613505,0.0697580809047168,-0.10295229482196314,0.2802756204334045,-0.2179429099813195
4568,12,12,0.9166666666666666,0.03372488315299779,0.026388060775356548,0.0391037362304449,-0.0254425006989204,0.04856021601224584,-0.021559754772661754,0.0910266150310536,-0.0479927818304115,12,0.8333333333333334,0.05209009035207136,0.0315624577547438,0.06505687785498991,-0.0127438471625214,0.09816033921170246,-0.023436472495215466,0.2638686140613109,-0.0479927818304115,12,0.6666666666666666,0.03769675595124463,0.01435397577291725,0.09299063940393988,-0.07289101095414588,0.12190178764898435,-0.05214579746347336,0.2703257772269249,-0.1019451671794088,12,0.3333333333333333,-0.010638774941743907,-0.0773255511577927,0.1761437270176664,-0.10403002592144907,0.1544826428209033,-0.11585109026527429,0.2835338815582393,-0.1985988440569956
9432,12,12,0.4166666666666667,-0.0036372271320270085,-0.00796079387394795,0.01457247853801986,-0.016644159753489055,0.0179077585640722,-0.013339879447237189,0.0371243392977607,-0.0363416732110112,12,0.4166666666666667,-0.010070416382080285,-0.0115051919595102,0.01681555053027996,-0.0292746784623376,0.022091155816271867,-0.025468552128885855,0.0390727567344204,-0.055825980569845,12,0.6666666666666666,0.0029639400274810907,0.004944343143628949,0.021102322673958212,-0.03331282526547315,0.035140070720104714,-0.03004505416827155,0.1070543298313235,-0.055825980569845,12,0.75,0.025333467436990054,0.0292907310629575,0.04393478579603839,-0.030470487640154965,0.06316423980111642,-0.034383310888623,0.1130986322122273,-0.0629869931704038
9022,11,11,0.8181818181818182,0.017556081582662173,0.0117647235205784,0.027689150800302667,-0.028042729896720048,0.03427216288290072,-0.012982859210959773,0.1168385257365374,-0.0327426040253041,11,0.6363636363636364,0.027281577291288984,0.0187969589998606,0.06236628515159397,-0.034116661464244726,0.05540006525315336,-0.02340923102084569,0.1168385257365374,-0.0511084316584284,11,0.6363636363636364,0.03624234983632999,0.0644109783551973,0.07728214792761415,-0.0355772968234173,0.07974451934369506,-0.029647678229550598,0.1335366190540825,-0.0760469422970899,11,0.6363636363636364,0.022844729190586624,0.0319999741667835,0.06031067866024225,-0.0427206823813107,0.0858187119371748,-0.03975757052803137,0.1365914445242979,-0.0929803158145884
6301,11,11,0.45454545454545453,-0.006405081473470755,-0.0091387755660774,0.024157297324524922,-0.031873730471800484,0.029767895731394576,-0.03781896614859043,0.0646830107677223,-0.1789086015158182,11,0.45454545454545453,0.003996479684905129,-0.026341257962919,0.06908819854826206,-0.05024661936789232,0.047905354485857615,-0.052673178615735505,0.115988909426987,-0.1789086015158182,11,0.45454545454545453,0.007605274721613678,-0.0168971096233004,0.0735269287409781,-0.04732943696119,0.06895981080310189,-0.06103920240165506,0.1751716849215383,-0.1789086015158182,11,0.7272727272727273,0.03620538972450052,0.0244237439061425,0.06545539800923093,-0.0417946323681139,0.102535513323736,-0.08802379883993038,0.1926897721501823,-0.272806889809813
6920,11,11,0.8181818181818182,0.01924686612251603,0.0538623969097897,0.06063188115138164,-0.16698570150737918,0.08373228339919285,-0.039452235200268866,0.1841004184100418,-0.2643474407267893,11,0.9090909090909091,0.0781721317003572,0.0763554120799725,0.08997782260139225,-0.0398847773099934,0.13362559119634845,-0.05901032671372461,0.2149343128073491,-0.2643474407267893,11,0.8181818181818182,0.09485388741493087,0.0466791193790099,0.154937628083473,-0.17552294559350878,0.21123272334408705,-0.08581191815377918,0.5063058295135336,-0.2643474407267893,9,0.8888888888888888,0.2517477291664123,0.2808739664637092,0.2856844188636133,-0.0197457884111951,0.4018981233949511,-0.05413088257339726,0.5391487451989405,-0.116301569278072
7936,11,11,0.7272727272727273,0.02572357628907038,0.0151485763197636,0.0482386638144326,-0.03431665711189553,0.07544440601502439,-0.029737777688649672,0.228007217107877,-0.088550329295402,11,0.45454545454545453,0.016784008568835888,-0.0210361038431071,0.11454011444273515,-0.06467941299274682,0.09236970328783624,-0.06934683965150233,0.2731469612253259,-0.2368891141208736,11,0.7272727272727273,0.05442899214060112,0.0703197087070426,0.10721845605809788,-0.08634291163939024,0.12856972271581985,-0.07450744834445172,0.2731469612253259,-0.2368891141208736,11,0.7272727272727273,0.08892947873120992,0.1305462661422773,0.13577760288986293,-0.0359988523585314,0.17734900809834275,-0.0823109556360193,0.3321859932006101,-0.2368891141208736
8309,11,11,0.5454545454545454,0.011126861633279791,0.014989173000935,0.041890680372144995,-0.025789720853358462,0.029072321524161695,-0.03402990352530571,0.1036829073098883,-0.0964443125431747,11,0.7272727272727273,0.02314878916862412,0.0151982668290389,0.037678415396230486,-0.01559688077165953,0.0487730072326823,-0.03647402811734752,0.1088436535854593,-0.0964443125431747,11,0.8181818181818182,0.02343230699520036,0.0144848243037241,0.040566913674635295,-0.05367342306225685,0.07689669746039503,-0.059889110281198726,0.1698334953982869,-0.2350886258974643,11,0.7272727272727273,0.0623089054606391,0.0642288634605765,0.09292673209884555,-0.019338632241244765,0.10684522318881752,-0.0639990873211315,0.1698334953982869,-0.2350886258974643
6273,10,10,0.5,0.004098885319102459,0.007894867246636201,0.04052473442418422,-0.0323269637859793,0.034369423180187736,-0.038352213800041696,0.0741257588417148,-0.0877760672210753,10,0.8,0.03367194248819181,0.047006743564666054,0.05990407875976224,-0.0712566025980899,0.05968544745197635,-0.05145583048859988,0.1479912115505335,-0.1081464660800454,10,0.8,0.07309232109028839,0.10580668608875371,0.11634354429942953,-0.09991257174627616,0.13093101818191183,-0.05855925623800641,0.2346202134337727,-0.1245219291990215,9,0.6666666666666666,0.05829610830754861,0.0844181372844958,0.1157943842248124,-0.05670044352697897,0.1965543876458253,-0.05304956625555763,0.362209667294413,-0.1245219291990215
4502,10,10,0.7,0.012228045754042937,0.01182880029946325,0.022408095455703454,-0.0115254035498316,0.02613133017345492,-0.01703318217329225,0.0520198533149569,-0.0421631888663954,10,0.7,0.01346992101678705,0.01447872603842345,0.0270761571164703,-0.0182779632158072,0.03467297062808879,-0.019423818457819517,0.064748136071169,-0.0421631888663954,10,0.5,0.00946703132737176,0.0073516871272223,0.0451715401057251,-0.026237477450981584,0.04637397205295736,-0.02924855662050772,0.1242390455931901,-0.0671641207259486,10,0.9,0.02231454868674244,0.0179820945038766,0.02599934299030577,-0.0108486000453275,0.05423192077153292,-0.03319871705201398,0.1242390455931901,-0.0671641207259486
4307,10,10,0.4,0.0012918911729055487,-0.0146798231135496,0.05361561051815258,-0.033590588390592466,0.04208939786089276,-0.03808111851811924,0.1095642362890925,-0.0855102621599837,10,0.5,0.01722561867565208,-0.0002505595902083501,0.06197328358903285,-0.027522046237728682,0.054844668069908155,-0.04460888612348576,0.1308855291576673,-0.0855102621599837,10,0.6,0.04883061952862891,0.020670294095605002,0.10397522635674106,-0.033886290713539303,0.08699638521224809,-0.05283295524807817,0.2170051909000192,-0.1153060646103724,10,0.4,0.039173733573910664,-0.0099435589016636,0.16461035246943845,-0.04445067902310785,0.11989657145909423,-0.06234967678254111,0.2817260736398177,-0.1195744707521385
1928,10,10,0.8,0.01968176503546633,0.02422716013937615,0.02782624592313286,-0.0128961585151998,0.029618278321977526,-0.01173883734339384,0.0490610803188207,-0.0288159275901183,10,0.6,0.0231394192240068,0.0233307190424304,0.046123168681393684,-0.011336204962073526,0.044992506434983405,-0.01726909905959289,0.077510826298446,-0.0357441850230452,10,0.6,0.01831210423929695,0.02754354257791855,0.048229609550700124,-0.0265641537278078,0.05615742014827727,-0.0239445560846579,0.0779032444974032,-0.0659870602538805,10,0.6,0.01380761624721864,0.0272378981292905,0.053749464566142484,-0.04610515623116712,0.07100653860894637,-0.05038994540923112,0.1126962264989115,-0.1749778263892212
2914,10,10,1.0,0.020802252517411003,0.018945262613112898,0.020802252517411003,,0.031472034682910224,-0.01019851990034161,0.0509804268891249,-0.0289806295812278,10,1.0,0.03804410840669854,0.034086567622304303,0.03804410840669854,,0.048712353704533015,-0.0110028812202071,0.1038363262256258,-0.0289806295812278,10,0.9,0.05027903035600725,0.0424748249667026,0.05706833708841316,-0.010824730235646,0.07807966827977164,-0.01285854601869448,0.1424178027429852,-0.0289806295812278,10,1.0,0.08655331947167519,0.06902771948530004,0.08655331947167519,,0.12059436021092554,-0.015041333555064271,0.2159703504043126,-0.029896896707054
6902,10,8,0.125,-0.023385154589835724,-0.015479502053088349,0.0011539183710123,-0.026890736441385444,0.0078418846703554,-0.03509289022306661,0.019616901429958,-0.0639215846615937,8,0.25,-0.01728724887038469,-0.0168742005104858,0.0092273944169002,-0.026125463299479654,0.0104188284954725,-0.04137601264841109,0.0216940243817684,-0.0884033909494668,6,0.5,-0.018993108265363056,-0.01418502550280545,0.0109700880440842,-0.04895630457481031,0.01421492116156235,-0.07137480365514413,0.0338718082334548,-0.1155573623086507,5,0.2,-0.060327074458118427,-0.057617041815177,0.0140779697662265,-0.07892833551420465,0.02269606844801842,-0.11059520742830972,0.0371396299258484,-0.1383553211438104
7011,10,10,0.8,0.06065836819171296,0.06689263456272705,0.08433821630349075,-0.03406102425539825,0.07392896196388017,-0.040385264436918096,0.1903400060479367,-0.0788781770376862,10,0.7,0.0654894035482783,0.042437646328798054,0.09747609071372174,-0.0091461998377564,0.11698345105067136,-0.04321750844563267,0.2871254926955757,-0.0788781770376862,10,0.8,0.09542751853961143,0.1005503453171685,0.12722441228487008,-0.0317600564414232,0.16720855327286097,-0.04859987348550669,0.3836815542330123,-0.0868931393551307,10,0.7,0.1193912020853356,0.10366426804694405,0.24636626583857946,-0.1768839466722333,0.24744098247704902,-0.08650372384955399,0.5243800929625848,-0.2559912854030501
8015,10,10,0.8,0.03532982986853887,0.0375517341183065,0.04966853100618103,-0.0220249746820297,0.05718595672112129,-0.019610720398742516,0.1394037066881546,-0.0457695406929895,10,0.6,0.05489914712725782,0.057888006537832846,0.09896535634390398,-0.011200166697711424,0.085103695750966,-0.022085974941115517,0.218211120064464,-0.0457695406929895,10,0.9,0.08950656943544151,0.1011645884575136,0.10239589188807101,-0.026497332638224,0.11727359727538475,-0.027572723936639586,0.218211120064464,-0.0593907625096904,10,0.7,0.06414514711695338,0.0757010290792613,0.11432030217802218,-0.05293021469220723,0.1473389238240278,-0.03702290159696594,0.218211120064464,-0.1129948667201568
8001,10,10,0.5,-0.007636882733243441,-0.00125567907072885,0.02790063359324312,-0.04317439905973001,0.02716450107866904,-0.026747925659451,0.0680153169568775,-0.1037641572441629,10,0.5,-0.0012020914852532108,0.0051511841914356,0.030297035511574383,-0.0327012184820808,0.03684767997855183,-0.037881043505666644,0.0680153169568775,-0.1136827729703647,10,0.6,0.0071106536057100895,0.0089616326735484,0.031572796511298955,-0.029582560752673202,0.05250545114712363,-0.042111578559877724,0.1349343328470731,-0.1136827729703647,10,0.7,0.030129363976027383,0.0246066049787309,0.07447090617252904,-0.07333423448247647,0.08926992953470946,-0.05556449748078043,0.2063615014413626,-0.1489639841806654
9983,10,10,0.4,-0.006156569858001191,-0.0135743647286807,0.020366021198604926,-0.023838297229071933,0.0276460835990906,-0.029551159885053267,0.0844981577511738,-0.0637680865136438,10,0.5,0.011652624669888947,-0.004485956378154649,0.06496737282945426,-0.041662123489676364,0.05803544285751824,-0.03850472434285167,0.1870582161741354,-0.0780834355206341,10,0.4,-0.016913214428481146,-0.03103260311060455,0.057315536447772056,-0.06639904834598327,0.06118554423215389,-0.06816498859635386,0.1889429906621831,-0.1372233195447376,8,0.625,0.03998136617842564,0.038837486943600646,0.08797105630920374,-0.0400014507062045,0.09003236592718025,-0.06266043165072968,0.3020260305126965,-0.0928871215464332
7269,10,10,0.8,0.03384333075127943,0.0396702518092949,0.049142563608404896,-0.02735360067722245,0.05701815964060947,-0.010441087270036422,0.0918011685451918,-0.0690059902998438,10,0.8,0.030767357060035482,0.0203046612808271,0.0448003987848878,-0.0253648098393738,0.07308866537002487,-0.019596559215836775,0.1441122969689505,-0.0873069150920843,10,0.7,0.04644630376904594,0.0871329295669829,0.09713502821855491,-0.07182738661314167,0.11892802621635326,-0.046073670393757093,0.2287693611772716,-0.1872832450477044,9,0.6666666666666666,0.04184458231720869,0.0317377180801092,0.08334536398955528,-0.04115698102748453,0.16019107235932142,-0.07935504544913208,0.2341166312586831,-0.2829565122272325
8058,10,10,0.9,0.043023160979152215,0.03305543820243135,0.049637391323345575,-0.016504912118588,0.055839876781530295,-0.009878413790620379,0.10828414410747,-0.0428282828282828,10,0.8,0.06442354167870615,0.05884303499703995,0.08433334090693928,-0.01521565523422635,0.09984500101878262,-0.01260315839739166,0.2236922450641156,-0.0428282828282828,10,1.0,0.08756958990896653,0.0835060646832692,0.08756958990896653,,0.14078049068733423,-0.014636003408237088,0.2236922450641156,-0.0428282828282828,10,0.7,0.062356084029758264,0.07078457194819734,0.13243419691617028,-0.10115951270520314,0.20888075075724122,-0.04181881931515875,0.5272379166829257,-0.1141414141414141
5020,9,9,0.7777777777777778,-0.011431923120601532,0.0148361473303466,0.02058746588326316,-0.12349978463412795,0.02554883914259759,-0.04367020071805802,0.0558138246485671,-0.2536746261217132,9,0.5555555555555556,-0.003089328040816146,0.0041883910916666,0.0331929350820915,-0.0484421569444507,0.04148706244905319,-0.045685722882051936,0.0923587303395245,-0.2536746261217132,9,0.6666666666666666,0.016166724005862703,0.0175767105577921,0.04914381902943437,-0.04978746604128063,0.06499489997412455,-0.053329564288744,0.1554960205764268,-0.2536746261217132,9,0.8888888888888888,0.07797907704305067,0.0654503370120731,0.0988953165239061,-0.0893508388037928,0.11908385967560367,-0.057724569257182834,0.2975870356736432,-0.2536746261217132
9202,9,9,0.3333333333333333,-0.010848220666420657,-0.0208711257532838,0.02140019966580947,-0.026972430832535716,0.014809322191432911,-0.021306634389574235,0.0571827405513294,-0.0502736065102217,9,0.3333333333333333,-0.013882355848821132,-0.0310943427420451,0.019797741199370666,-0.03072240437291703,0.0199973337752479,-0.030963052973448306,0.0606694844958191,-0.0555457399824745,9,0.4444444444444444,-0.01917442287026898,-0.0252533970567945,0.013777697598646976,-0.045536119245401734,0.021078040633151,-0.053927086109390926,0.0606694844958191,-0.1087057060128414,9,0.4444444444444444,-0.02172439063286917,-0.0076708119288313,0.014036202970238127,-0.050332865515355,0.03698559583913068,-0.07581327998940049,0.0643863976768994,-0.1401995782893443
9021,9,9,0.5555555555555556,0.00029841406432215556,0.0026480884898141,0.015134682418493379,-0.018246921378391876,0.02129098194431813,-0.017030128651750225,0.0695636742290131,-0.0435743605936217,9,0.2222222222222222,-0.01290820872218009,-0.030880091850595,0.053253604639108755,-0.03181158396826261,0.028921777198996468,-0.038409424930953145,0.0986507180112752,-0.0619979224399569,9,0.3333333333333333,-0.024003583545436837,-0.0364947527523407,0.059076383892228905,-0.0655435672642697,0.03908202298188443,-0.06400321744198112,0.1627824080248734,-0.1316703504894222,9,0.2222222222222222,-0.06243939579908838,-0.0499798993988372,0.10212103725146146,-0.10945666238495977,0.04721663252431808,-0.10650447855005907,0.1627824080248734,-0.2254499526365645
8053,9,9,0.7777777777777778,0.024329102279810347,0.0324409336892215,0.03504586605306149,-0.01317957092656865,0.039826148821860065,-0.02605040613657689,0.0820556879109719,-0.0987983789294121,9,1.0,0.03941257171818179,0.0408347628871439,0.03941257171818179,,0.06243107445332135,-0.02791765585252951,0.0935907286571986,-0.0987983789294121,9,0.7777777777777778,0.060864369687956686,0.0796849585894861,0.08211138494814181,-0.01350018372269115,0.09539155801235602,-0.028925465266028808,0.117967353801955,-0.0987983789294121,9,0.7777777777777778,0.10424332916520093,0.1322834929881025,0.15619420383534943,-0.07758473218031875,0.18873768856141465,-0.08364061620913292,0.3385812209240744,-0.3259007631087233
4689,9,9,0.6666666666666666,0.007225559822954021,0.003671702514397,0.02335812146312762,-0.025039563457393166,0.0323577455223736,-0.018705913080516102,0.0730673012293485,-0.0641587030860599,9,0.6666666666666666,-0.0005354111679390342,0.0024937655860348,0.035346676434527734,-0.07229958637287257,0.04325861541411166,-0.042973099374028774,0.0981205284151642,-0.1421340652831283,9,0.8888888888888888,0.03095422728679574,0.0448582766186806,0.050657965521882994,-0.1266756785939023,0.08271591523016102,-0.044536951504726675,0.1481207981732146,-0.1445964845007884,9,0.7777777777777778,0.08068814045079988,0.1037406635997895,0.13807438749539167,-0.1201637242052714,0.15621106959387315,-0.05801812166470891,0.3273125984633205,-0.26415864842232
7270,9,9,0.8888888888888888,0.009668671056483587,0.021360991413607,0.029392363311595622,-0.1481208669844127,0.04381397210105677,-0.03140409564747502,0.127331578393969,-0.1989682093042252,9,0.6666666666666666,0.014362443056158365,0.0324406040451139,0.04576351286333149,-0.04843969655818787,0.05558583482315179,-0.0384701419844762,0.1362771408634715,-0.1989682093042252,9,0.5555555555555556,0.014752306205099045,0.0116623522190493,0.04550539815299068,-0.023689058729765497,0.08049279116437408,-0.05042143822106786,0.1362771408634715,-0.1989682093042252,8,0.5,-0.01909176183149571,-0.01278889024898635,0.0458397339482052,-0.08402325761119663,0.08797330183658826,-0.11654016560028863,0.1397031238443342,-0.3552082795790343
8306,9,9,0.5555555555555556,0.02792105086747148,0.0059952090010828,0.06297102206326427,-0.021188550836359333,0.04229281098710999,-0.024512478378301297,0.1073124621874535,-0.0768948874806235,9,0.7777777777777778,0.063766233696446,0.0299662474174449,0.08470204822035386,-0.0095091171372315,0.08728229265764617,-0.028278773948820897,0.2274749549085026,-0.0768948874806235,9,0.8888888888888888,0.0706473591729053,0.0803714215603992,0.0800063053795276,-0.0042242104800732,0.11188606295821314,-0.03077259844795002,0.2274749549085026,-0.0782449301510682,9,0.5555555555555556,0.05037193459478056,0.0668408519735719,0.10512419049299952,-0.018068385277993124,0.13546899725883516,-0.09149217374351076,0.2274749549085026,-0.2402659332420967
6861,9,9,0.5555555555555556,0.023939432778079115,0.0329479659653331,0.06522632386857796,-0.027669181085044448,0.0478817479318385,-0.035402880989306613,0.1260617500337064,-0.0874456609771522,9,0.6666666666666666,0.017949158228460004,0.0379506766885793,0.06195845185150169,-0.07006942901762336,0.06665745847320428,-0.04541664964680861,0.1853849265201563,-0.1157943510259142,9,0.6666666666666666,0.06739526443663173,0.0727507405221843,0.14398885985910517,-0.08579192640831519,0.122803374295353,-0.06669225591431836,0.4429967426710097,-0.1223939362650451,8,0.75,0.0909996829942378,0.09142176142445335,0.173779673917843,-0.1573402897765778,0.17952932295285884,-0.07798882178666805,0.4509567315980003,-0.1789465208907261
7267,9,9,0.4444444444444444,-0.0037455800906466006,-0.00606278662937,0.018614637214215177,-0.021633753934536017,0.023978142919268735,-0.028587705075559116,0.0565797585281837,-0.0515786422203875,9,0.3333333333333333,-0.012935885564026332,-0.006264249976869,0.021667705897148767,-0.03023768129461388,0.027893670849925993,-0.038025607889781265,0.0565797585281837,-0.0805476287866786,9,0.2222222222222222,-0.040532149226865336,-0.0469649197152211,0.03886973343136685,-0.06321840141493167,0.03226712951056224,-0.06558382416319782,0.0565797585281837,-0.1518624769952912,9,0.3333333333333333,-0.011665876823525169,-0.0261170368055315,0.0702892270639691,-0.05264342876727229,0.06492834511178758,-0.08528464892764971,0.1943651447269589,-0.1989812494828526
6146,9,9,0.4444444444444444,-0.022870080058174966,-0.0400579153359832,0.03323948381068233,-0.06775773115326081,0.025812123932313264,-0.06793707538027843,0.0720791457286431,-0.1535010197144799,9,0.5555555555555556,0.001661264211400473,0.045249076352088,0.10356045221950476,-0.1257127207987299,0.07327322733671801,-0.09480877688593248,0.1573677555949151,-0.328348062542488,9,0.5555555555555556,0.04718033190273763,0.0814478524894206,0.16128537835945064,-0.09545097616815365,0.13526520151999832,-0.11618560169108878,0.2940325334986493,-0.328348062542488,7,1.0,0.2057800538841499,0.2220904957937901,0.2057800538841499,,0.279292659015692,-0.07132908410288984,0.4506029347124829,-0.1514329034855601
4452,9,9,0.4444444444444444,-0.008527755278566944,-0.006516411019153,0.01429828259563725,-0.0267885855779303,0.011907286103562845,-0.024670264811224134,0.0302141642526418,-0.048185632671009,9,0.4444444444444444,-0.005893359187250068,-0.0139467929762401,0.0297478805829038,-0.03440635100337316,0.021094203640351545,-0.0351994251645012,0.0673833370418361,-0.0904950289576669,9,0.3333333333333333,-0.011677371655142885,-0.0105052962811815,0.06249750268629644,-0.048764808825862545,0.036901163953284216,-0.0536095625106319,0.1222798032579943,-0.1360716217866087,9,0.6666666666666666,0.013011772946319632,0.031153706084984,0.052888143377283786,-0.06674096791560867,0.05766337242465606,-0.06112230899624703,0.1222798032579943,-0.1468897586341965
2503,9,9,0.4444444444444444,0.006329102925317055,-0.002653821395337,0.026787773490961002,-0.010037833527198099,0.01902577845461881,-0.012961120532678679,0.0542840097355246,-0.0312193131217166,9,0.5555555555555556,0.018915270519234577,0.0036310495672444,0.04200996836431716,-0.00995310178711865,0.03490008054528463,-0.016115126504263055,0.0889456120879439,-0.0319849363590283,9,0.5555555555555556,0.005580807161857612,0.0025675397891313,0.019793686867809118,-0.012185292470581775,0.039883423734068904,-0.02622179430130452,0.0889456120879439,-0.054721840616332,9,0.5555555555555556,0.02186514727282929,0.0165748728957091,0.059123640923593,-0.024707969790625346,0.054538408213678446,-0.03206987396402464,0.1453945053110688,-0.054721840616332
8308,8,8,0.375,-0.015120470136695128,-0.01386916262200805,0.0526163463308017,-0.05576256001719322,0.05903206453334667,-0.045605870084430435,0.1228832633958947,-0.2087082965517988,8,0.625,0.027108375172578473,0.00443275833328065,0.06327730257160184,-0.03317317049246047,0.08126062587285404,-0.048319454133367495,0.1790828722843087,-0.2268989312869096,8,0.875,0.06496481622651545,0.0731101853103326,0.07479841411343634,-0.0038703689819308,0.11818196908780804,-0.04933286889496451,0.1790828722843087,-0.2268989312869096,8,0.875,0.13639650636273598,0.1458748844184889,0.16499085658525361,-0.0637639451948874,0.19975937336621258,-0.04933286889496451,0.2576956230153198,-0.2268989312869096
8267,8,8,0.75,0.02358275965529901,0.028606686790722403,0.0349048886398158,-0.01038362729825135,0.04366095872790922,-0.013328085791142063,0.0926171663675017,-0.0275033986218756,8,0.875,0.03828124752806704,0.03048588718365795,0.04407584314870789,-0.0022809218164189,0.054980614527222804,-0.014463108007048675,0.1172268424514475,-0.0275033986218756,8,1.0,0.08035719654318896,0.0523047232389557,0.08035719654318896,,0.09566733260140038,-0.015075650320041075,0.1743848705199948,-0.0275033986218756,8,0.875,0.09404159361683484,0.13754211164274122,0.11850128634927122,-0.0771762555102197,0.14170473231852593,-0.02869122002376452,0.1925234177945634,-0.0801023935524749
8604,8,8,0.5,0.002229120198712886,-0.0043991646727697,0.03207476285881195,-0.027616522461386177,0.0278606442788212,-0.02977529608686925,0.077735425136568,-0.1119043232625106,8,0.5,0.006249190830862713,-0.00018296055135814992,0.02793399965823555,-0.015435617996510123,0.034974376640996105,-0.039772617216018505,0.077735425136568,-0.1119043232625106,8,0.5,-0.01754659193997724,1.3013125464750655e-05,0.03515264890685895,-0.07024583278681343,0.054485236390814186,-0.08216071433071263,0.0846999806177566,-0.2786578525533062,8,0.25,-0.020903428175791702,-0.03485172827589325,0.09476274383598045,-0.05945881884638241,0.06916245659046565,-0.11283044159585462,0.1201524224312786,-0.2894081890626627
6857,8,8,0.625,0.007346132381616435,0.0037324307253756,0.0502281311296159,-0.06412386553171599,0.06944794241044584,-0.0589259947193538,0.1302857715995662,-0.1570184825507792,8,1.0,0.11232150923696593,0.07097872538415889,0.11232150923696593,,0.14152928657631125,-0.06999301596848209,0.3438660855366322,-0.1854539318258521,8,0.875,0.2275600990737793,0.1872833163276501,0.26027814574771935,-0.0014662276438007,0.29775263411122077,-0.07525100811654714,0.704460804825215,-0.1854539318258521,7,0.7142857142857143,0.2099015967289513,0.1146421433817663,0.3240327894419085,-0.07542638505344165,0.42074567539275776,-0.07860020198446034,0.8833639938528897,-0.1570184825507792
8035,8,8,0.5,0.001125665995540837,-0.0034604972591670996,0.03850781771301087,-0.0362564857219292,0.0391943475605883,-0.04200863431223642,0.0820916851087016,-0.115845158765136,8,0.5,0.024698969780481014,0.01216525907783375,0.0745577696929073,-0.025159830131945275,0.0648403843618132,-0.04489124835513547,0.1346741344195519,-0.115845158765136,8,0.75,0.08300306067965488,0.08184393778558169,0.13259414598868768,-0.06577019524744354,0.14930403403170445,-0.04489124835513547,0.329461074391284,-0.115845158765136,8,1.0,0.1996017713438046,0.22551320707619593,0.1996017713438046,,0.23541403725388677,-0.05256325921442714,0.3935845213849287,-0.1425392556652412
8031,8,8,0.75,0.008635233647761774,0.0103391580167797,0.020281591636767782,-0.026303840319256252,0.028237144042729576,-0.020559693164828714,0.0608384458077708,-0.068393197804816,8,0.625,-0.0019634520256844104,0.0067019157158055,0.027053053168145158,-0.05032429401540037,0.046102275746252,-0.03721593646409243,0.0796494731604697,-0.0906612133605998,8,0.5,-0.01755038254517964,-0.0196111246489009,0.04282553172820397,-0.07792629681856325,0.0769811858162519,-0.0634126500841414,0.1517130332622989,-0.1688820722563053,8,0.25,-0.0798312517025904,-0.11172083082708589,0.11731651505287971,-0.14554717395441374,0.09138633533026641,-0.1832190008200648,0.1517130332622989,-0.3629610645038152
4901,8,8,0.5,0.0030259688708814524,-0.0009856110981542997,0.03499292303038865,-0.02894098528862575,0.025615964096192934,-0.02275776164214125,0.087376488304016,-0.0453304175503074,8,0.625,0.011749984206660787,0.0144338069867158,0.03441368814280992,-0.0260228556869211,0.044889330901019125,-0.027739263106234112,0.087376488304016,-0.0565266240724564,8,0.625,-0.0019325982376875244,0.0229063414244924,0.046082096861900776,-0.08195709007033469,0.06349994543868333,-0.04662644275706289,0.1551837644961671,-0.1098515354408112,8,0.25,-0.0021454965892752278,-0.024424938910336202,0.1259543694401285,-0.0448454519324098,0.07756263728212742,-0.07192206001603403,0.1955380687067682,-0.1392915327733729
5803,8,8,0.125,-0.07255523445765319,-0.0656050166175023,0.0011373835500918,-0.08308275131590248,0.029728699732057853,-0.12469124502361212,0.1655670103092783,-0.2775416320309866,8,0.25,-0.012095135294455522,-0.035605856558614,0.10294244713389285,-0.050440996103904984,0.06303003726284415,-0.14824018599545238,0.2085647886820445,-0.2775416320309866,8,0.625,0.06793687950000112,0.041169210679483946,0.16854707012687958,-0.09974677154479629,0.1831173025068341,-0.17210857518562245,0.4133173365326934,-0.2775416320309866,8,0.375,0.013502121505117398,-0.061268443033567,0.27159483287705793,-0.14135350531804688,0.26370254318434283,-0.23631960762799542,0.6794671223301265,-0.42517982699891
4063,8,8,0.75,0.02390570441398653,0.0221202780087883,0.03682321541287328,-0.01484682858267375,0.04980183781054365,-0.010403706602167823,0.0970042796005705,-0.0686210646962666,8,0.625,0.011145071511534963,0.02604333488929285,0.05534669229842444,-0.06252429646661416,0.07346019015365123,-0.03442362594463784,0.1697229021420259,-0.0889100629490489,8,0.5,-0.0004937678676551517,-0.022473748811046197,0.0977600222221085,-0.0987475579574188,0.10443927506072015,-0.0740642915405609,0.2883048854173868,-0.1960057061340941,7,0.42857142857142855,0.035644645074183696,-0.0211017132090477,0.16672477627498203,-0.06266545332641504,0.1316763822092328,-0.08098100654560476,0.3732681380889919,-0.188130221838087
6098,7,7,0.8571428571428571,0.03317127763588433,0.0405933311072668,0.05835467610125707,-0.1179291131563521,0.05916849018635221,-0.049300562486658484,0.1502969406783396,-0.1857622400092089,7,0.7142857142857143,0.02145225862371481,0.0612321413603194,0.08367993671777858,-0.1341169366114446,0.08713836855916543,-0.07104417314775621,0.1502969406783396,-0.276126614344674,7,0.7142857142857143,0.06467656779057754,0.121793055815218,0.12558559864558022,-0.08759600934692915,0.1284313557954452,-0.07581761909136808,0.2840836808109441,-0.276126614344674,7,0.7142857142857143,0.05872021964870177,0.1077690695784208,0.15604650753781477,-0.18459550007408074,0.15329741161352034,-0.10541497598109524,0.3226062380184751,-0.2856939647636112
9984,7,7,0.42857142857142855,-0.060216565523906085,-0.0110928566830048,0.03623116531821274,-0.1325523636554952,0.018458705213473252,-0.09930744325717852,0.0792513174519087,-0.3213258217979016,7,0.5714285714285714,-0.03055405476459935,0.005474445297509,0.015456151977832525,-0.09190099708784187,0.03898919556396435,-0.1132823115682394,0.0792513174519087,-0.3213258217979016,7,0.5714285714285714,0.01524182246943903,0.0535815237445624,0.0770966171809524,-0.06723123714591213,0.09949333067686386,-0.11950611953354565,0.2207151913181888,-0.3213258217979016,7,0.42857142857142855,0.07227587959837074,-0.0221576284452272,0.25035793455894423,-0.0612856616220594,0.19777395645953244,-0.1341866872318867,0.321387363100128,-0.3213258217979016
3407,7,7,0.7142857142857143,0.01623834244277917,0.0097946197984615,0.023686243200648622,-0.00238140945189445,0.02852182264526262,-0.02718631551934683,0.0622446218621448,-0.0557856261994051,7,0.2857142857142857,-0.010076855247540357,-0.0074627240440363,0.04103677977908445,-0.03052230925819028,0.04035364044172739,-0.04383793316836597,0.0796602977664733,-0.0667877532335999,7,0.2857142857142857,-0.0145626458141702,-0.0242537485201833,0.042850398803014854,-0.03752786366104422,0.05000874365656465,-0.05423750494229279,0.085846529870684,-0.0876873168678658,7,0.7142857142857143,0.045013727556071026,0.0625348795199569,0.08451901378646273,-0.053749488019908254,0.08977762875489544,-0.0627786840370291,0.1675699118789424,-0.1124942019901428
6326,7,7,1.0,0.025120530331984855,0.0248179021673684,0.025120530331984855,,0.036455351019366276,-0.02047359410478783,0.0537404505559213,-0.0562130133818953,7,0.7142857142857143,0.026525683942433296,0.0393667517120359,0.044681151884719036,-0.01886298591328105,0.05286229734612465,-0.0268307324740384,0.0696475729964578,-0.0562130133818953,7,0.7142857142857143,0.025148693180835447,0.0181458991152763,0.04442234106562464,-0.02303542653113755,0.09242485159101574,-0.035023704554054444,0.1135000747090124,-0.0563916657002459,7,1.0,0.08456682818564565,0.0928632790427328,0.08456682818564565,,0.12351662078034267,-0.0366711955753745,0.1735700429456421,-0.0563916657002459
7309,7,7,0.5714285714285714,0.0018469946652425581,0.0032146320771258,0.0188266800234034,-0.02079258581230523,0.022890734163744986,-0.024185979859658684,0.0408724208318895,-0.0462348841118491,7,0.42857142857142855,-0.007513869329517013,-0.0080368608649979,0.027613966341836733,-0.03385974608303233,0.02522882827853976,-0.036770222128633935,0.050888551382662,-0.0980185138328432,7,0.42857142857142855,-0.003814650365519215,-0.003773744152435,0.040860324356137366,-0.03732088140676165,0.05560288401234487,-0.06477971809439803,0.0967285765442826,-0.1180436835646716,7,0.5714285714285714,0.0085685233088694,0.0347904025986791,0.04583825555543537,-0.04112445301988523,0.07897848719384457,-0.08747974472065066,0.1629645565584832,-0.1180436835646716
9433,7,7,0.42857142857142855,-0.0035440145434667866,-0.0046558031604854,0.024113077841757036,-0.02428683383238465,0.032914657881710586,-0.021586521317252118,0.0613853505381989,-0.0568800171372808,7,0.7142857142857143,0.0054539233286320715,0.0035694721824901,0.018938156032135958,-0.02825665843012765,0.03409440906146176,-0.03169886074851839,0.0613853505381989,-0.0681817706445164,7,0.14285714285714285,-0.00893988046107069,-0.0247933407002792,0.0793918918918918,-0.02366184251989777,0.04227265272677738,-0.044374634340438715,0.0972222222222223,-0.0681817706445164,7,0.5714285714285714,0.025666798622549784,0.0168618401365676,0.052993358282716674,-0.010768614257672733,0.07123149865292486,-0.050343146948575855,0.1715465465465464,-0.084289721102148
9104,7,7,0.42857142857142855,-0.009321306147067557,0.0,0.013520282944054699,-0.035269997287212335,0.03407868491671022,-0.056587511986333446,0.0848000832282025,-0.1691894347477059,7,0.7142857142857143,0.026654097637021527,0.0530420464118863,0.059153412489205914,-0.05459418949343945,0.05497410646636019,-0.06987555365749534,0.089051186083348,-0.1691894347477059,7,0.5714285714285714,0.01629344789740066,0.048973207776616,0.08124426033784538,-0.07030763535652564,0.09580474834079135,-0.07242011910206468,0.1984002172575165,-0.1691894347477059,7,0.7142857142857143,0.07831449991385263,0.0757097279977243,0.11548248095410459,-0.014605452686777352,0.15161187813453697,-0.07742533772837794,0.2087592182434061,-0.1691894347477059
6762,7,7,0.7142857142857143,0.022756534364561987,0.0371603226120758,0.051252266123749,-0.04848279503340555,0.046845353047047456,-0.03453632908332856,0.0896152674229022,-0.0805727395403002,7,0.5714285714285714,0.02918954195174465,0.0668859599623503,0.07468195606667472,-0.031467010201495435,0.06579576252609648,-0.035899746471042986,0.1446520394221846,-0.0805727395403002,7,0.7142857142857143,0.024657357662138026,0.0498409563853512,0.07370945461965887,-0.0979728847316641,0.09312792903347299,-0.05632361933170882,0.1688594779345698,-0.1427654962661078,7,0.5714285714285714,0.025636727862254214,0.0042418760046951,0.07098796186479704,-0.03483158414113623,0.11193654038124709,-0.07958862059902415,0.2607454826662885,-0.1908527067980627
8316,7,7,0.2857142857142857,-0.019295327062698587,-0.0073200865787378,0.01554830513407145,-0.033232779941406596,0.01799675831478983,-0.0399422667404992,0.0462025881744474,-0.1128293107854009,7,0.42857142857142855,-0.0013811925320999288,-0.0067018477782524,0.025099056113700433,-0.0212413790164502,0.028260296928251882,-0.04687599887426663,0.0462025881744474,-0.1128293107854009,7,0.5714285714285714,0.007887299865418213,0.00940444217566,0.030507748823953525,-0.022273298745962195,0.04898073536484441,-0.058010832044202855,0.0814462143912251,-0.1128293107854009,7,0.7142857142857143,0.044104143997302774,0.0488480742269206,0.0733760828803934,-0.0290757032104238,0.06875796067214228,-0.058010832044202855,0.1180773349006258,-0.1128293107854009
8697,7,7,0.2857142857142857,-0.0074561548691245445,-0.0093749783026793,0.0499301735931093,-0.030410686254018084,0.024736004877028008,-0.0349866320168654,0.0692544645141488,-0.0704870080726023,7,0.5714285714285714,0.017496564730556545,0.040032458750338,0.06947012844594892,-0.05180152022329996,0.05775350876756707,-0.042796256635493815,0.1448134143573087,-0.0898938585638272,7,0.42857142857142855,0.019984417519082972,-0.0044679366156498,0.12919423400957872,-0.061922944848788845,0.08222393088496581,-0.06319893783569049,0.1617527725182581,-0.1592824105357327,7,0.42857142857142855,0.09188718594321675,-0.0082592028182647,0.288516307057582,-0.0555846548925572,0.15275356488235367,-0.07733162414321403,0.3817186216025454,-0.1592824105357327
7832,6,6,0.3333333333333333,0.0026963802167889006,-0.00479818159572695,0.03187188706536455,-0.011891373207498925,0.026223475105795615,-0.02522255788632613,0.0567246114189805,-0.0533331815538027,6,0.5,0.014102442665853218,0.0031834858785761994,0.05576674398557554,-0.027561858653869103,0.044771295652450784,-0.034757176747328554,0.1192817061004114,-0.0641827973167875,6,0.5,0.03644646085554674,0.0216773584728626,0.10231377850190375,-0.029420856790810263,0.08911923062660064,-0.0484606338252336,0.183224970461826,-0.0831073293850329,6,0.6666666666666666,0.06973734798294562,0.08308099593444265,0.12363668424073529,-0.0380613245326337,0.12518653086941334,-0.0484606338252336,0.1958084689252075,-0.0831073293850329
6758,6,6,0.8333333333333334,-0.0069473701892525655,0.012401614312447,0.022536159297670638,-0.1543650176238686,0.029598389677377514,-0.03838340632841727,0.049759761063044,-0.1719746074208017,6,0.8333333333333334,0.022767429945585133,0.01759219117916055,0.03331567228125478,-0.0299737817327631,0.053441836064125135,-0.04012938934083755,0.0776187583777556,-0.1719746074208017,6,0.3333333333333333,-0.02419150233311962,-0.0277918774700058,0.02048135544152025,-0.04652793122043955,0.05594079820371622,-0.08030965780749409,0.0776187583777556,-0.1719746074208017,6,0.6666666666666666,-0.0009157705601597343,0.032294409836714,0.054333799612815994,-0.1114149109061112,0.07490421505790713,-0.10283724937190784,0.1039137830394936,-0.1927674166934628
2802,6,6,0.6666666666666666,0.02629880763911345,0.01756762311306565,0.05755706112873017,-0.03621769934012,0.061921591704594846,-0.03396109729214488,0.1492918961447678,-0.0784463061690784,6,0.6666666666666666,0.013220922037539218,0.00888492559723,0.0418969659420747,-0.04413116577153175,0.07524423938755959,-0.050546483868225946,0.2128245476003147,-0.1011043412033511,6,0.5,0.011469907465171935,-0.011678995359906099,0.05729318034372457,-0.034353365413380695,0.0938820928010058,-0.06101549200688979,0.2470495672698662,-0.1011043412033511,4,0.25,-0.026845902582807103,-0.0427755324530225,0.0220298977183319,-0.043137836016520104,0.0971918719293301,-0.07514483134307628,0.2470495672698662,-0.0873539955019567
4188,6,6,0.6666666666666666,0.010622267080727318,0.0124405988542498,0.029428184646872177,-0.0269895680515624,0.03559043597902858,-0.019932948778930617,0.0520472906260813,-0.0487352322939057,6,0.5,-0.0005112500139155667,0.0052777958545189,0.02198747763431137,-0.023009977662142498,0.04005730055713656,-0.022742759988276535,0.0520472906260813,-0.0487352322939057,6,0.6666666666666666,0.0157971865977093,0.0286831227521332,0.05203902837769628,-0.05668649696226465,0.062296879854116555,-0.03492395912909605,0.0968126690929964,-0.1091379225365264,6,0.6666666666666666,0.05241313092069524,0.08993103189626175,0.13967468999478427,-0.12210998722748284,0.11402625901346787,-0.061182832753562066,0.2313477489417448,-0.1636551800082037
7203,6,6,0.5,-0.004040533690546533,0.0031813863863102997,0.011667819130046067,-0.019748886511139135,0.0257399844311913,-0.027488113024305687,0.0586797493805428,-0.0549214380113407,6,0.6666666666666666,0.005025111016153064,0.0110533365458044,0.020341353852293798,-0.025607374656128404,0.032211424247011046,-0.037071461219840514,0.0586797493805428,-0.0814858058894335,6,0.6666666666666666,0.05056603020014627,0.02617973296768755,0.0891082699328561,-0.0265184492652734,0.09495813916902551,-0.04202132609135262,0.2141779684379752,-0.0814858058894335,6,0.3333333333333333,-0.021329830839024386,-0.00808886052303885,0.0751630060732323,-0.06957624929515271,0.10204195691814937,-0.10329574359220466,0.2141779684379752,-0.1916666279133846
8411,6,6,0.5,0.0044970384777299,0.008114915510070049,0.0482129471644501,-0.0392188702089903,0.03417809067942717,-0.03721764042160842,0.0744391985515746,-0.0791090849939313,6,0.5,0.023321082158634904,0.023711039865917202,0.0781713912974787,-0.0315292269802089,0.04938024707442245,-0.04542911737924248,0.1099334743099631,-0.0956441069982244,6,0.6666666666666666,0.0007809480009027999,0.01422694177111015,0.039826530716610326,-0.07731021743051225,0.07105786701064971,-0.10668628310443518,0.1119998461627214,-0.3258663360665725,6,0.6666666666666666,0.040725607514829516,0.052360653048779154,0.08921339520853393,-0.0562499678725793,0.09517988895575406,-0.12506407420891563,0.1858811222429475,-0.3258663360665725
4519,6,6,0.0,-0.02389048891243638,-0.023352189792351798,,-0.02389048891243638,0.0228151259894471,-0.036297387319077605,0.0382222291176561,-0.051559168943884,6,0.0,-0.04158224037584816,-0.0472744095632647,,-0.04158224037584816,0.0228151259894471,-0.07152086359236441,0.0382222291176561,-0.0916052669871988,6,0.3333333333333333,-0.02385370245915173,-0.07369309998964099,0.1178563899895384,-0.0947087486834968,0.06129025552359254,-0.1277390459370134,0.2222221522596048,-0.1775555392890361,6,0.16666666666666666,-0.08212840094575737,-0.1150627024335685,0.0859702024672042,-0.11574812162834969,0.06601019511060092,-0.1353653804265165,0.2505417897816551,-0.1775555392890361
5401,6,6,0.8333333333333334,0.013491528556152732,0.00465478048428685,0.02358885722384676,-0.0369951147823174,0.025543189095754353,-0.032649375940548946,0.0653845270329518,-0.072239717765051,6,0.8333333333333334,0.016420971755709935,0.02728385555961605,0.036536573974486106,-0.0841570393381709,0.04232448362412747,-0.04036848491200535,0.0740136123983132,-0.0929115596140608,6,0.5,0.013036854546704266,0.007723721858594899,0.07518600496049115,-0.0491122958670826,0.07340413776392837,-0.04480788117932921,0.1181936939917118,-0.0929115596140608,6,0.3333333333333333,-0.006553149114251718,-0.04889776220170185,0.0927264392065031,-0.05619294327462913,0.08103172597929642,-0.08336419550644321,0.1408541652776622,-0.1572781523227301
4578,6,6,0.6666666666666666,0.0172489012622132,0.02086538977022185,0.04537319824256569,-0.038999692698491795,0.04011311483254513,-0.02517475924727675,0.1104514251840744,-0.0667773099887295,6,0.5,0.02357731777822923,0.0065761986557464,0.0602765275308129,-0.013121891974354434,0.05226791497746252,-0.028607034865637464,0.1104514251840744,-0.0728648147899754,6,0.5,0.027374821921623216,0.023214914802742445,0.11938375634958324,-0.0646341125063368,0.06892338159782961,-0.05220700339603795,0.1568626371675765,-0.0994281577576173,6,0.6666666666666666,0.058650001103076665,0.07657588109398344,0.12312142296265978,-0.07029284261608955,0.10839415488922226,-0.06915081793844773,0.2220180962792237,-0.1653682627653974
3382,6,6,0.16666666666666666,-0.030692008088419598,-0.00178667352231595,0.0042153631619916,-0.03767348233850184,0.013372157644646434,-0.043843992456841806,0.0270797789526204,-0.1375531772071689,6,0.0,-0.03349708720010112,-0.0246895537995837,,-0.03349708720010112,0.01656799594575685,-0.06322215270744402,0.0270797789526204,-0.1462760583408782,6,0.3333333333333333,-0.03763593731178575,-0.0205019180948965,0.00656695931410315,-0.0597373856247302,0.0211081196473024,-0.07758568296924857,0.037289343140501,-0.1462760583408782,6,0.3333333333333333,-0.028356592426714514,-0.023172528185999748,0.026316250986456548,-0.05569301413330005,0.03568750767498468,-0.0856779587065684,0.107082663912563,-0.1462760583408782
8801,6,6,0.16666666666666666,-0.0153767047632083,-0.0178947181254853,0.0718529256207831,-0.032822630840006584,0.0125379119197774,-0.04058632654840253,0.0718529256207831,-0.1082158691057919,6,0.5,0.010902497595350532,0.0011034587170330006,0.06251339388780326,-0.040708398697102195,0.04683086968125339,-0.05036083366650124,0.2209335521836632,-0.1287758809697311,6,0.3333333333333333,-0.00012528871406466852,-0.02034081442255005,0.07210030297462515,-0.03623808455840957,0.0556393616411525,-0.058821344234937345,0.2209335521836632,-0.1287758809697311,6,0.6666666666666666,-0.022005424450569966,0.00984669812765445,0.01948637599574615,-0.1049890253432022,0.06240788172640044,-0.08993554714995274,0.2209335521836632,-0.1994519893302989
9735,6,6,0.5,-0.007616107324475134,-0.0014202825497084,0.0057394794457627666,-0.02097169409471303,0.01112784556232535,-0.023705543055002515,0.0186465777914905,-0.0453504351809436,6,0.3333333333333333,-0.002430488535997134,-0.00235288744790515,0.0269744013269709,-0.01713293346748115,0.018036644832283216,-0.027764178207917,0.0350777289051977,-0.0543277567953308,5,0.4,0.01585522907630152,-0.0055685199566886,0.0595646718599691,-0.013284399446143534,0.05032471931452972,-0.027089629306250956,0.0968903290586806,-0.0615791722667276,5,0.4,-0.0292833784442671,-0.0380558162239683,0.04231597164925065,-0.07701627850661226,0.06851586105653978,-0.06128766010027749,0.1198707329414809,-0.1082133992312911
4543,5,5,0.6,0.0017657321745187596,0.0058703996387445,0.018901094331543467,-0.0239373110610183,0.03988495485390166,-0.01628107998312736,0.0677353804470535,-0.0336949428007313,5,0.8,0.02409704754654586,0.0306711041076823,0.030968001688770477,-0.0033867690223526,0.06287960434472879,-0.02421942758148348,0.1139555958314453,-0.0523887128539254,5,0.8,0.06769768445537219,0.0494468277263491,0.09388523031422344,-0.0370524989800329,0.11218408885737904,-0.03977631730695336,0.2183960126869053,-0.06710585968052,4,0.5,0.042185400603641454,0.04059354528205805,0.1484311361251622,-0.0640603349178793,0.13089324088396867,-0.059651567231948074,0.2142695868141793,-0.0978538502058086
2502,5,5,0.4,-0.00026211103382118016,0.0,0.00857388661584055,-0.0092291642003935,0.018375347670875078,-0.01636765952741026,0.0384132676047275,-0.0219257698247928,5,0.8,0.0199926257095739,0.0031587991220047,0.028204332325249375,-0.012854200753128,0.03606861389992484,-0.01662348312340346,0.0733759783881891,-0.0232048878047588,5,0.8,0.008671797017902659,0.0244802053007446,0.036014768287880174,-0.1007000880620074,0.07275915035968601,-0.050585073678892534,0.0980786359451801,-0.1787830167849556,5,0.8,0.028300676334371742,0.0407454002473486,0.045293264021480054,-0.0396696744140615,0.07275915035968601,-0.054243784179451394,0.0980786359451801,-0.1787830167849556
8802,5,5,0.6,0.00330019858772554,0.0049692068325022,0.014813783462306033,-0.013970178724145198,0.033508981093092235,-0.006999252987552498,0.0610969682943762,-0.0272020907511885,5,0.6,0.03854616641011626,0.0254310998576936,0.07446713073355861,-0.01533528007504725,0.06117187941522554,-0.019340035213151342,0.1174680303489017,-0.0503883597063063,5,0.8,0.05897672547824789,0.0404998842860448,0.08503931703544829,-0.0452736407505537,0.09384155984153003,-0.029114050769263322,0.165550802662334,-0.0954726581454146,5,0.6,0.054354961217476495,0.0223097549606736,0.12870325323665613,-0.057167476811292944,0.13599961552380183,-0.052099334217590124,0.26841136520634,-0.0960425827354779
7974,5,5,0.2,-0.0546212320520173,-0.024744945142202,0.0012879796744293,-0.06859853498362894,0.01138330949031358,-0.06948293309131912,0.0192110987825839,-0.2184128663285587,5,0.2,-0.02519895316015286,-0.0256151900471124,0.0180325530434122,-0.03600682971104413,0.01450681774977822,-0.07781065545201189,0.0243117353253501,-0.2184128663285587,5,0.0,-0.04459293012770488,-0.0516280295004329,,-0.04459293012770488,0.01992818805303392,-0.0880658555888734,0.0418611612755221,-0.2184128663285587,5,0.4,-0.01849521585018074,-0.0049224159138235,0.01058141931725985,-0.03787963929514113,0.025378803025157676,-0.09450532074284142,0.0418611612755221,-0.2184128663285587
6501,5,5,0.4,-0.026630281747068017,-0.0013982997150556,0.0439280685293216,-0.07366918193132777,0.04886028770202308,-0.06874975876688574,0.097402615195395,-0.2009894042571913,5,0.8,0.03944658032399376,0.0655584346250091,0.06613024054682737,-0.0672880605673407,0.07177629985537189,-0.07455712630138414,0.1148340512793046,-0.2009894042571913,5,1.0,0.057965219071114016,0.042053273127516,0.057965219071114016,,0.10326214658378081,-0.07455712630138414,0.1410781586298271,-0.2009894042571913,5,1.0,0.12347668616182912,0.0744134604767445,0.12347668616182912,,0.1752832172314882,-0.07455712630138414,0.2340421683460629,-0.2009894042571913
6701,5,5,1.0,0.014007000444493458,0.008621811766879,0.014007000444493458,,0.025466114083114576,-0.03416393447607672,0.0387598074929311,-0.0779944851738003,5,0.8,0.029991365780935635,0.0213176694309178,0.04522421676304002,-0.0309400381474819,0.05404411844227904,-0.0384479412266999,0.1016570864992609,-0.0779944851738003,5,0.8,0.031645096045078085,0.0406975731773833,0.040647182289186505,-0.0043632489313556,0.09645586182124574,-0.04336661797094142,0.1144134934413156,-0.0779944851738003,5,0.6,0.044643393756202944,0.0883337709371738,0.0963694972418449,-0.03294576147226,0.11395023545038267,-0.06390923775968785,0.1537135120860451,-0.0779944851738003
6981,4,4,1.0,0.0422055280300508,0.03182168041399865,0.0422055280300508,,0.05362861191072685,-0.0209227421820351,0.0997003541269407,-0.0572051212203759,4,1.0,0.07522365633228313,0.0298106550397153,0.07522365633228313,,0.09830182193431028,-0.0219413948879848,0.2326341596295287,-0.0572051212203759,4,0.75,0.13366585277886892,0.06778718645017905,0.1800321005100531,-0.0054328904146836,0.16711228103252138,-0.02306472902340475,0.4342141105965678,-0.0572051212203759,4,1.0,0.47539965345846635,0.0544826679057516,0.47539965345846635,,0.5818347458813798,-0.026028051189738,2.0305093979842006,-0.0572051212203759
6367,4,4,0.5,-0.019821466685679023,-0.0100317884627315,0.0302121340848914,-0.06985506745624945,0.017470981906512896,-0.03892897316780805,0.0569928166508277,-0.1079318325268251,4,0.25,-0.03543159646047358,-0.030059266399248802,0.0471529296201842,-0.06295977182069283,0.020028812737184896,-0.054696902816150424,0.0569928166508277,-0.1323374710709025,4,0.5,0.007745972223149052,-0.006125999413747451,0.09837370660621779,-0.0828817621599197,0.04866537599068762,-0.059961747869733725,0.1703736553537551,-0.1367557332211235,3,0.6666666666666666,0.1051172375408543,0.0877122217061974,0.1842030843809187,-0.0530544561392745,0.14517786606285418,-0.052081297543224464,0.3176156031479149,-0.087507994463795
6503,4,4,0.75,0.028222911384808397,0.03706380979705795,0.043202435164580104,-0.0167156599545067,0.049818330742464556,-0.019803182391451627,0.0674291567087743,-0.0339141839985009,4,0.5,0.010793773200267623,-0.0070868665979472,0.04457767693382695,-0.0229901305332917,0.07013956388921355,-0.028580497621681675,0.123852351508338,-0.0339141839985009,4,0.25,0.0044908659822249525,-0.035872525859648396,0.1675098369870713,-0.0498487910193905,0.09318621931360928,-0.05920007413782673,0.2160389732059209,-0.0814785846048959,4,0.75,0.06785858882463783,0.0651092468670022,0.09320943022585175,-0.0081939353790039,0.13381701326651702,-0.0902315573901228,0.2527637249391044,-0.1379310344827586
6723,4,4,0.75,-0.008778227660424149,0.01832210514588835,0.0356315081008471,-0.1420074349442379,0.0730215804813968,-0.043949682210626374,0.1053283767038413,-0.1496902106567533,4,0.5,0.053667821594862206,0.0426272771985925,0.12758023382280656,-0.020244590633082152,0.12083284579119627,-0.06668823098562167,0.1822239293996395,-0.2406443618339528,4,0.5,0.002166991568873046,-0.00296621196961595,0.10705010646232689,-0.1027161233245808,0.12190020382067998,-0.09362377485157575,0.1864933615175743,-0.2406443618339528,3,0.6666666666666666,0.07925749044259783,0.039959244607826,0.15553171518821446,-0.0732909590486354,0.17503064888098527,-0.06082554488928318,0.2932272571770158,-0.1585623434335871
9020,4,4,0.0,-0.02711770991053035,-0.02594131071105335,,-0.02711770991053035,0.0105860305164448,-0.039837729743994,0.0417808177495051,-0.0608769869235725,4,0.0,-0.0299550489444226,-0.03092562025324715,,-0.0299550489444226,0.021418361811367078,-0.04732914506086002,0.0464120246048924,-0.0608769869235725,4,0.0,-0.0412335754328431,-0.03981435201233135,,-0.0412335754328431,0.021418361811367078,-0.06548984308204128,0.0464120246048924,-0.0844645759620463,4,0.0,-0.06881792283782556,-0.06629377011773695,,-0.06881792283782556,0.029352577642880625,-0.10242549501928966,0.0464120246048924,-0.1419763367631903
8002,3,3,0.6666666666666666,0.023487825122465528,0.0289634238392029,0.06711327078474359,-0.0637630662020906,0.07218272918376446,-0.032578612090440294,0.1126934580175467,-0.0789198606271777,3,0.6666666666666666,0.019297514257329174,0.0438262632362138,0.07424243863338051,-0.0905923344947735,0.07891524312103666,-0.03670172475013833,0.1176470455030265,-0.0912891986062718,3,0.6666666666666666,0.0260649064275096,0.1192836809075028,0.1214144328119961,-0.1646341463414634,0.10636825034461546,-0.0639374971078619,0.1344573933327875,-0.1729965156794425,3,0.3333333333333333,0.006339292234725856,-0.1089937781707606,0.2637259405892238,-0.12235403194252309,0.15897104963094208,-0.11258004654058057,0.2922657911917674,-0.2038327526132404
6752,3,3,0.3333333333333333,0.007140711988003032,-0.003003876977806,0.0294117853857938,-0.0039948247108923494,0.025873200360581234,-0.011189530570535067,0.0345587887179208,-0.016737777492823,3,0.6666666666666666,0.025852157984687638,0.0417543316685264,0.052311015232028454,-0.027065556509994,0.04335585454762733,-0.020448783156055167,0.0683824049463202,-0.0445155352493833,3,0.3333333333333333,-0.0076662952442476005,-0.0051471176874201,0.0405527335548658,-0.031775809643804304,0.07844197580162876,-0.028402275464013266,0.133088276809538,-0.0683760121732576,3,0.0,-0.07295793482416334,-0.0727942039856889,,-0.07295793482416334,0.07844197580162876,-0.09577572914721616,0.133088276809538,-0.1130688595183213
4503,2,2,1.0,0.0488089286142059,0.0488089286142059,0.0488089286142059,,0.06572232014889309,-0.0104995075691062,0.1024999965892619,-0.0181865027884865,2,1.0,0.10103995715368295,0.10103995715368295,0.10103995715368295,,0.10712856108799915,-0.0104995075691062,0.185312478467474,-0.0181865027884865,2,1.0,0.1460066807367905,0.1460066807367905,0.1460066807367905,,0.1643365619090381,-0.0104995075691062,0.2459374725537884,-0.0181865027884865,2,1.0,0.2005635837022836,0.2005635837022836,0.2005635837022836,,0.2328561219094408,-0.0104995075691062,0.3396874688276516,-0.0181865027884865
