code,asof,open,high,low,close,adj_close,volume,sma25,sma75,sma75_5,macd,signal,bb_plus2,bb_minus2,fresh_75_cross_up,fresh_macd_bull_cross,sma75_rising_5d
1925,2026-09-28,4555.0,4592.0,4521.0,4521.0,4521.0,2473200,4648.64,4560.32,4538.066666666667,-27.080997563953133,-10.968939306672866,4789.745214644967,4507.534785355034,False,False,True
1928,2026-09-28,3390.0,3400.0,3373.0,3375.0,3375.0,2234100,3395.96,3379.8378873697916,3367.9796842447918,-15.71458057003565,-17.50969126142136,3499.694245068822,3292.225754931178,False,False,True
2502,2026-09-28,1620.5,1620.5,1596.0,1597.0,1597.0,6072400,1640.22,1611.9423046875,1601.7672477213541,-13.002947300798269,-10.557943558185755,1705.4366113808294,1575.0033886191707,False,False,True
2503,2026-09-28,2845.0,2863.0,2835.0,2835.0,2835.0,2468100,2926.84,2885.522679036458,2867.59015625,-35.53721401128314,-33.49289006155654,3138.986123226454,2714.6938767735464,False,False,True
2802,2026-09-28,5051.0,5102.0,5006.0,5006.0,5006.0,3198900,5167.48,5343.0,5348.906666666667,-95.86071177875237,-96.00181183574782,5570.238138837629,4764.72186116237,False,True,False
2914,2026-09-28,6980.0,6990.0,6850.0,6850.0,6850.0,4988800,6859.72,6533.675045572917,6470.0699674479165,14.738885799974014,9.189455913512212,7108.814051313987,6610.6259486860135,False,False,True
3382,2026-09-28,2002.0,2009.5,1992.0,2000.0,2000.0,8898400,2022.6203857421874,2000.370476888021,1989.0419124348957,-3.3606220889705583,0.8304174335930117,2067.603238020445,1977.63753346393,False,False,True
3407,2026-09-28,1659.5,1662.0,1641.5,1641.5,1641.5,4944200,1614.8,1726.1933333333334,1735.7,-16.624841041009176,-28.089774968368193,1684.9837588050345,1544.6162411949654,False,False,False
4063,2026-09-28,5845.0,5890.0,5812.0,5814.0,5814.0,8220300,5877.96,6496.6,6602.213333333333,-94.50372770466674,-129.62434336948988,6129.898074931133,5626.021925068867,False,False,False
4188,2026-09-28,1176.0,1187.5,1161.0,1161.0,1161.0,5153800,1184.9,1163.44,1156.3066666666666,-2.9957767727607916,0.9010280951261002,1269.7325409262123,1100.0674590737879,False,False,True
4307,2026-09-28,5066.0,5121.0,4984.0,5007.0,5007.0,1876400,5091.24,4908.333333333333,4892.653333333334,14.708799538855601,23.209713593522938,5342.591088320755,4839.888911679244,False,False,True
4452,2026-09-28,3511.0,3548.0,3489.0,3497.0,3497.0,3018300,3518.32,3345.069375,3308.1587076822916,1.7786692064137242,4.271531039596879,3666.970161116661,3369.6698388833393,False,False,True
4502,2026-09-28,5965.0,6001.0,5930.0,5930.0,5930.0,4933900,5814.68,5505.293333333333,5434.973333333333,73.45200987045973,63.55222249467765,5995.107687453905,5634.252312546096,False,False,True
4503,2026-09-28,2371.0,2389.5,2354.0,2354.0,2354.0,7543600,2353.04,2246.9666666666667,2232.693333333333,13.064036877911803,9.038635948411592,2471.4217283198564,2234.6582716801436,False,False,True
4507,2026-09-28,2923.5,2956.0,2914.5,2918.0,2918.0,3096000,2915.16,2862.7,2855.5733333333333,10.703087854786645,8.269769881192754,2998.8841757200153,2831.4358242799844,False,False,True
4519,2026-09-28,6501.0,6513.0,6362.0,6362.0,6362.0,4151800,6730.48,7067.749290364583,7124.215201822916,-114.56081006590466,-121.06946762820273,7203.548323184099,6257.4116768159,False,False,False
4543,2026-09-28,2282.5,2309.5,2273.5,2289.5,2289.5,5905500,2401.02,2333.1133333333332,2332.82,-48.30461479075575,-41.92840575049574,2676.6746360937896,2125.3653639062104,False,False,True
4568,2026-09-28,2865.0,2875.5,2819.0,2830.0,2830.0,12131200,2842.42,2726.3933333333334,2699.52,29.360888187700766,24.468055329873625,2973.916822775266,2710.923177224734,False,False,True
4578,2026-09-28,11070.0,11200.0,11005.0,11080.0,11080.0,1256500,11760.2,11375.895703125,11351.6486328125,-226.82126840912133,-151.54824051421193,12762.90226887165,10757.497731128351,False,False,True
4661,2026-09-28,2967.0,2979.0,2891.5,2902.0,2902.0,9841100,3045.62,2778.68,2726.133333333333,6.190950107506069,36.98032099986926,3182.367732705141,2908.872267294859,False,False,True
4689,2026-09-28,509.0,520.0,508.29998779296875,515.7999877929688,515.7999877929688,21113000,537.8559985351562,475.0439998372396,467.2653340657552,5.923987073567446,12.01261693308166,570.0554796065417,505.65651746377074,False,False,True
4901,2026-09-28,3429.0,3463.0,3355.0,3355.0,3355.0,4617600,3297.32,3447.4133333333334,3453.9333333333334,-5.548475237278126,-29.915738030449283,3439.248117017028,3155.391882982972,False,False,False
5020,2026-09-28,1443.5,1444.5,1428.0,1428.5,1428.5,10095900,1388.1,1305.4,1295.4066666666668,31.198225451055578,33.20191284873778,1495.2294543998114,1280.9705456001884,False,False,True
5108,2026-09-28,3859.0,3897.0,3832.0,3832.0,3832.0,4432900,3940.24,3774.9708235677085,3745.557080078125,-54.69449461109207,-48.496848717585685,4278.10590476104,3602.3740952389594,False,False,True
5401,2026-09-28,694.7999877929688,699.9000244140625,682.9000244140625,682.9000244140625,682.9000244140625,33561000,682.5560009765625,626.3639990234375,616.5319986979167,6.441481675788282,8.929957659078294,706.4977251815424,658.6142767715826,False,False,True
5802,2026-09-28,2231.0,2243.5,2200.0,2200.0,2200.0,12741500,2146.42,2427.2066666666665,2502.596666666667,-30.882269162641478,-52.842634877690074,2290.496279796469,2002.3437202035311,False,False,False
5803,2026-09-28,4983.0,5075.0,4918.0,4957.0,4957.0,26464800,5122.72,5079.973333333333,5064.706666666667,-71.29926426835937,-51.19385076355568,5564.434304047243,4681.005695952757,False,False,True
6098,2026-09-28,16335.0,16700.0,16185.0,16445.0,16445.0,3902600,16574.8,13886.2,13488.266666666666,347.99195102419617,464.891241762509,18006.125204137563,15143.474795862436,False,False,True
6146,2026-09-28,56390.0,56700.0,54380.0,54400.0,54400.0,1422500,55635.6,65682.26666666666,66752.0,-2157.0718484598983,-2619.5804880542464,62674.75922252104,48596.44077747896,False,False,False
6178,2026-09-28,2583.0,2594.5,2566.5,2585.0,2585.0,5348000,2468.18,2371.5266666666666,2343.2466666666664,39.08866394327151,32.66057705385566,2616.3614779249106,2319.998522075089,False,False,True
6273,2026-09-28,70200.0,71400.0,69650.0,69870.0,69870.0,323300,68826.8,70849.86666666667,70574.66666666667,-759.6431435137638,-1134.0766003762872,72650.57706463174,65003.02293536826,False,False,True
6301,2026-09-28,7490.0,7740.0,7456.0,7456.0,7456.0,4273800,7334.6,6917.506666666667,6884.56,32.94080044914244,32.949412778443396,7734.254650917618,6934.945349082383,False,False,True
6326,2026-09-28,2762.0,2800.5,2742.5,2751.5,2751.5,4370200,2825.36,2766.2398893229165,2772.7998795572917,-7.24530600985463,7.6635379980560625,3012.9276987116777,2637.7923012883225,False,False,False
6367,2026-09-28,20860.0,21035.0,20765.0,20920.0,20920.0,969400,20771.6,22730.666666666668,22909.333333333332,-272.31512057153304,-390.81812045433037,21106.47573814809,20436.72426185191,False,False,False
6501,2026-09-28,5490.0,5621.0,5490.0,5518.0,5518.0,10745800,5357.0,5088.533333333334,5066.093333333333,52.63563120822528,32.103492561393544,5606.993279909622,5107.006720090378,False,False,True
6503,2026-09-28,5218.0,5293.0,5196.0,5213.0,5213.0,7216200,5333.92,5639.333333333333,5688.72,-116.6935274575917,-137.82371413675028,5759.566959815337,4908.273040184663,False,False,False
6701,2026-09-28,4791.0,4875.0,4761.0,4778.0,4778.0,4219200,4751.4,4464.373333333333,4426.866666666667,34.06387355766128,31.596292686133026,5000.674146272733,4502.125853727266,False,False,True
6702,2026-09-28,3993.0,4089.0,3978.0,3978.0,3978.0,5583300,3851.24,3560.4933333333333,3531.5866666666666,85.95329079683643,81.13674803413917,4079.843608020502,3622.6363919794976,False,False,True
6723,2026-09-28,3478.0,3518.0,3425.0,3459.0,3459.0,9179300,3334.72,3942.76,4021.693333333333,-60.77052915456761,-111.04248781441017,3538.9210930431623,3130.5189069568373,False,False,False
6752,2026-09-28,4518.0,4628.0,4469.0,4469.0,4469.0,7044600,4325.24,4286.386666666666,4240.053333333333,33.278852504470706,5.070525426447791,4561.632405969317,4088.8475940306826,False,False,True
6758,2026-09-28,3665.0,3729.0,3665.0,3680.0,3680.0,16022100,3789.96,3573.0533333333333,3564.9333333333334,-13.774614585803192,2.72660018284045,4023.0048746486136,3556.9151253513865,False,False,True
6762,2026-09-28,2983.0,3048.0,2940.0,2955.0,2955.0,8744900,2937.26,3220.98,3288.133333333333,-40.15198230316719,-61.383812152804836,3148.38633563818,2726.1336643618206,False,False,False
6857,2026-09-28,34700.0,35420.0,33730.0,33730.0,33730.0,10020800,33302.0,31578.0,31192.266666666666,-126.17857003679819,-200.61328446537124,36524.04903749179,30079.950962508206,False,True,True
6861,2026-09-28,79950.0,80080.0,78500.0,78500.0,78500.0,656600,78571.1303125,78128.57739583333,78163.10395833333,-715.9886347277497,-950.8141245422757,83571.04947314861,73571.21115185138,False,False,False
6902,2026-09-28,1929.5,1939.5,1917.0,1919.5,1919.5,7469100,1921.26,1934.0933333333332,1932.5,-5.224074396367087,-7.73722561975138,1963.4368846644857,1879.0831153355143,False,False,True
6920,2026-09-28,40880.0,41450.0,40000.0,40000.0,40000.0,3404000,35514.0,41452.4046875,41565.76609375,477.88360009247845,-452.54201462356167,39811.630975316824,31216.369024683176,False,False,False
6954,2026-09-28,6033.0,6034.0,5925.0,5943.0,5943.0,4340900,5916.76,6580.8533333333335,6694.84,-98.6016214566589,-147.09093347270579,6167.586652491362,5665.933347508639,False,False,False
6971,2026-09-28,3735.0,3827.0,3703.0,3703.0,3703.0,4858400,3576.68,3659.9466666666667,3663.2533333333336,6.867602602023453,-22.76103946906084,3745.2672782863597,3408.09272171364,False,False,False
6981,2026-09-28,8017.0,8292.0,7988.0,8004.0,8004.0,20852800,7350.68,8511.4,8643.626666666667,70.86362158819065,-48.89567725827928,7963.116633783519,6738.243366216481,False,False,False
7011,2026-09-28,3884.0,3935.0,3861.0,3886.0,3886.0,13343100,3851.6,3856.9066666666668,3840.92,-16.73525398849233,-36.536480976906915,4057.8681749567654,3645.3318250432344,False,False,True
7182,2026-09-28,3343.0,3440.0,3340.0,3430.0,3430.0,9379200,3290.12,3240.4533333333334,3229.9466666666667,17.387166472409262,13.130548832728046,3463.1063069725296,3117.13369302747,False,True,True
7203,2026-09-28,3003.0,3024.0,2986.5,2986.5,2986.5,26063800,3060.98,2944.5666666666666,2934.326666666667,-10.767142928093563,0.4534592441587315,3195.5470033849138,2926.4129966150863,False,False,True
7267,2026-09-28,1713.0,1747.5,1710.0,1718.0,1718.0,18267300,1694.92,1591.04,1573.5333333333333,16.25540018107563,13.24180811676245,1768.6300698683658,1621.2099301316343,False,False,True
7269,2026-09-28,1996.0,2007.5,1977.0,1983.5,1983.5,8649500,2075.72,2023.58,2014.86,-20.106940504801287,-10.020968662024393,2223.1567878109067,1928.283212189093,False,False,True
7270,2026-09-28,2650.5,2673.5,2630.0,2630.0,2630.0,4351200,2633.02,2570.6466666666665,2558.5733333333333,9.599745423261083,9.153852571663629,2714.2684978322045,2551.7715021677955,False,False,True
7309,2026-09-28,18015.0,18015.0,17860.0,17900.0,17900.0,239000,18963.2,18416.61733072917,18259.148489583335,-382.47192115733196,-316.3518990547659,20781.352644856783,17145.04735514322,False,False,True
7733,2026-09-28,1987.5,2026.0,1987.5,2020.0,2020.0,3887400,2054.9,1881.8066666666666,1870.1266666666668,-0.14781028762172355,4.666442778823813,2215.2304088437354,1894.569591156265,False,False,True
7741,2026-09-28,23605.0,24175.0,23555.0,23590.0,23590.0,1711900,23820.0,25073.733333333334,25292.066666666666,-523.3408806205407,-608.7477182932404,25718.62265866612,21921.37734133388,False,False,False
7751,2026-09-28,4579.0,4622.0,4575.0,4587.0,4587.0,2908900,4550.2,4434.103668619791,4416.198623046875,1.9476943276549719,-10.01879750165382,4788.705345852016,4311.694654147984,False,False,True
7832,2026-09-28,5534.0,5596.0,5502.0,5555.0,5555.0,2232100,5542.36,4672.28,4550.44,101.59198483544878,130.94083210860168,5796.764327007171,5287.955672992828,False,False,True
7936,2026-09-28,4189.0,4239.0,4150.0,4168.0,4168.0,4872400,4292.88,4548.879733072917,4570.584420572916,-142.12069686967152,-165.29500251689362,4826.903016732413,3758.8569832675876,False,False,False
7974,2026-09-28,7951.0,8099.0,7933.0,7999.0,7999.0,8814400,8556.8,7792.253333333333,7741.72,-60.50374380638459,21.434221047639582,9262.54669676883,7851.053303231169,False,False,True
8001,2026-09-28,2206.0,2236.0,2205.0,2226.0,2226.0,19848300,2209.76,2023.0533333333333,1995.7733333333333,49.65633491967401,64.822506536885,2398.818111701137,2020.7018882988639,False,False,True
8002,2026-09-28,4933.0,4937.0,4822.0,4839.0,4839.0,7213600,4997.04,4977.573333333334,4979.653333333334,-27.368344816517492,-4.544614402499599,5194.754525515983,4799.325474484017,False,False,False
8015,2026-09-28,7410.0,7518.0,7352.0,7390.0,7390.0,2554000,7480.68,6806.333333333333,6737.346666666666,60.2052132539302,104.04479473795094,7731.501829991042,7229.858170008959,False,False,True
8031,2026-09-28,5087.0,5100.0,5012.0,5021.0,5021.0,6600000,5055.68,4855.84,4850.866666666667,41.60589357637764,59.35895809526466,5282.9931549206385,4828.366845079362,False,False,True
8035,2026-09-28,57110.0,57600.0,56150.0,56320.0,56320.0,3949900,53986.8,61925.46666666667,62217.46666666667,-776.326113087438,-1447.5813030701306,57615.8195700762,50357.780429923805,False,False,False
8053,2026-09-28,1797.0,1819.5,1778.0,1788.0,1788.0,11877200,1794.98,1681.3366666666666,1674.39,14.705724314776262,23.90199737570841,1876.6576493295427,1713.3023506704574,False,False,True
8058,2026-09-28,4870.0,4887.0,4815.0,4818.0,4818.0,8671000,4883.04,4716.0,4717.026666666667,20.972164881399294,43.71083660260067,5090.431787686958,4675.648212313042,False,False,False
8113,2026-09-28,961.7000122070312,967.0,950.7999877929688,953.2000122070312,953.2000122070312,3810300,973.1519995117187,965.089432779948,961.0280444335938,-7.399482513719249,-6.613255699818735,1009.7069608208708,936.5970382025666,False,False,True
8267,2026-09-28,1300.0,1310.5,1263.0,1265.0,1265.0,18391000,1356.8869921875,1361.1202018229167,1364.0525048828124,-19.806920686287185,-9.36136055567977,1426.8825629120458,1286.8914214629542,False,False,False
8306,2026-09-28,3710.0,3740.0,3693.0,3721.0,3721.0,44841300,3641.76,3516.3733333333334,3482.4933333333333,20.76485358589207,23.90938126845242,3803.931543742953,3479.5884562570473,False,False,True
8308,2026-09-28,2559.0,2576.0,2539.5,2559.5,2559.5,10206100,2478.24,2335.3133333333335,2307.673333333333,27.511466326005575,31.30763562110503,2601.439389608914,2355.0406103910855,False,False,True
8309,2026-09-28,1788.5,1817.0,1782.5,1809.5,1809.5,11769600,1766.48,1665.94,1642.27,19.836580314029334,21.1499473806836,1829.2306047779903,1703.7293952220098,False,False,True
8316,2026-09-28,6979.0,7049.0,6932.0,6990.0,6990.0,15384900,6858.4,6752.8533333333335,6703.08,16.926982232757837,23.551552407973844,7159.874775064248,6556.925224935751,False,False,True
8411,2026-09-28,8700.0,8821.0,8636.0,8799.0,8799.0,11262400,8515.72,8272.373333333333,8207.746666666666,54.8394217973746,63.72250924279113,8948.754878964748,8082.6851210352515,False,False,True
8591,2026-09-28,6138.0,6166.0,6116.0,6131.0,6131.0,3545800,6184.24,6294.1866666666665,6297.8,-42.486062108897386,-46.378160861978564,6392.239446152872,5976.240553847128,False,False,False
8604,2026-09-28,1585.5,1604.5,1579.0,1595.0,1595.0,11483800,1612.64,1539.6,1524.1666666666667,3.398476940255705,14.669176602590554,1700.229734558349,1525.0502654416512,False,False,True
8630,2026-09-28,6896.0,6943.0,6848.0,6909.0,6909.0,2376300,6814.28,6699.973333333333,6633.493333333333,17.363508713287047,6.4218383439032625,7021.525184262533,6607.0348157374665,False,False,True
8697,2026-09-28,2323.0,2349.0,2296.0,2309.5,2309.5,4459100,2237.06,2198.193333333333,2181.16,16.63083312714207,5.579678993568284,2325.2213611509997,2148.8986388490002,False,False,True
8725,2026-09-28,5051.0,5103.0,5031.0,5072.0,5072.0,4688300,5085.8,4797.7733333333335,4744.24,42.20564365217706,64.16581357676817,5313.739641133274,4857.8603588667265,False,False,True
8729,2026-09-28,161.6999969482422,162.39999389648438,160.3000030517578,161.10000610351562,161.10000610351562,61369000,161.60400146484375,153.7760009765625,152.35333435058592,1.0425634650477207,1.4360304854027628,165.9019016966303,157.3061012330572,False,False,True
8750,2026-09-28,1922.5,1948.5,1907.0,1943.5,1943.5,14931300,1856.54,1844.6133333333332,1827.0666666666666,18.94553992160604,12.085531609455865,1952.1659044401122,1760.9140955598878,False,False,True
8766,2026-09-28,8070.0,8115.0,8009.0,8075.0,8075.0,6631000,7822.4,7670.946666666667,7601.8133333333335,109.08457953510879,101.82573671185239,8390.990397386371,7253.809602613628,False,False,True
8801,2026-09-28,1510.0,1517.5,1491.0,1491.0,1491.0,9433300,1504.8,1513.68,1512.6733333333334,-4.052247805375828,-4.47192223619874,1542.0408377993635,1467.5591622006364,False,False,True
8802,2026-09-28,3686.0,3705.0,3630.0,3630.0,3630.0,3819800,3688.96,3910.4,3930.7733333333335,-46.58991636270139,-53.60098803071266,3832.1113660430096,3545.8086339569904,False,False,False
8830,2026-09-28,3230.0,3244.0,3178.0,3181.0,3181.0,2404300,3281.24,3507.5733333333333,3531.04,-65.53951656641857,-72.20884892348263,3443.3572711343304,3119.122728865669,False,False,False
9020,2026-09-28,3487.0,3499.0,3431.0,3431.0,3431.0,4343100,3533.08,3506.866666666667,3497.653333333333,-19.227667535966248,-8.081925891982829,3633.9576209076763,3432.2023790923236,False,False,True
9021,2026-09-28,3027.0,3045.0,3004.0,3004.0,3004.0,2116900,3007.02,2890.6066666666666,2855.06,21.241041304620467,25.875492758178062,3085.8735249687775,2928.1664750312225,False,False,True
9022,2026-09-28,3790.0,3802.0,3758.0,3763.0,3763.0,2119400,3871.64,3732.0266666666666,3702.32,-23.760391427432296,-9.995984180048534,4012.3557475196403,3730.9242524803594,False,False,True
9101,2026-09-28,7355.0,7382.0,7282.0,7303.0,7303.0,2559900,7208.72,6196.546666666667,6068.48,208.1491371964521,249.31141819268106,7552.114126915523,6865.325873084477,False,False,True
9104,2026-09-28,7066.0,7171.0,7034.0,7121.0,7121.0,3094500,7111.28,6176.8,6070.826666666667,151.1350122534368,190.85979346216533,7334.42014968156,6888.139850318439,False,False,True
9202,2026-09-28,3042.0,3050.0,3015.0,3025.0,3025.0,3008000,3006.1,3026.16,3013.72,-9.609265353868977,-18.726851584442578,3089.1551623922346,2923.044837607765,False,False,True
9432,2026-09-28,176.3000030517578,176.8000030517578,174.39999389648438,174.6999969482422,174.6999969482422,223528700,172.7640008544922,158.1573331705729,156.19599975585936,3.6000525955465434,4.250050338336829,181.61293535713472,163.91506635184967,False,False,True
9433,2026-09-28,3035.0,3047.0,2981.5,2981.5,2981.5,11862300,2982.34,2868.6066666666666,2844.16,35.93064191187841,41.15661285401635,3115.013047752751,2849.6669522472494,False,False,True
9434,2026-09-28,245.39999389648438,247.10000610351562,243.0,244.5,244.5,115412100,241.9080017089844,226.34933430989582,224.20666748046875,3.943324444071095,4.447040012953564,252.5876153811914,231.22838803677737,False,False,True
9735,2026-09-28,6350.0,6404.0,6288.0,6288.0,6288.0,1612000,6398.88,6532.333333333333,6530.1866666666665,-37.97155260258114,-42.16474687309141,6530.240048721092,6267.519951278909,False,False,True
9983,2026-09-28,67990.0,68750.0,67680.0,67850.0,67850.0,1156500,69501.8859375,76592.84697916667,77298.919375,-1802.9871442577569,-2188.4915137107814,74501.91746007695,64501.85441492306,False,False,False
9984,2026-09-28,6210.0,6409.0,6178.0,6244.0,6244.0,59549300,5789.88,5943.64,6042.546666666667,198.0463649871008,187.16806155652682,7037.449710437056,4542.3102895629445,False,False,False
